underlyingAsset,symbol,isActive,isFreezed,borrowingEnabled,stableBorrowRateEnabled,variableBorrowRate,stableBorrowRate,liquidityRate,totalLiquidity,lastUpdateTimestamp,aTokenAddress,totalBorrows,id,totalLiquidityUSD,totalBorrowsUSD,interestPerSecond,aEmissionPerSecond,vEmissionPerSecond,sEmissionPerSecond,aIncentivesAPY,vIncentivesAPY,sIncentivesAPY,availableLiquidity,token_name
0x6b175474e89094c44da98b954eedeac495271d0f,DAI,True,True,True,False,0.0,0.035,0.0,1086320.0032003748,1735357259,0xfc1e690f61efd961294b3e1ce3313fbd8aa4f85d,13473.590068220072,0x6b175474e89094c44da98b954eedeac495271d0f0x24a42fd28c976a61df5d00d0599c34c4f90748c8,1086534.5839906067,13476.25150646624,0.00108653458399060679,,,,,,,1072846.4131321546,Unknown
0x0000000000085d4780b73119b644ae5ecd22b376,TUSD,True,True,True,False,0.0,0.035,0.0,271783.8974618778,1734465515,0x4da9b813057d04baef4e5800e36083717b4a0341,10897.083558481296,0x0000000000085d4780b73119b644ae5ecd22b3760x24a42fd28c976a61df5d00d0599c34c4f90748c8,271698.99217231025,10893.67930957761,0.00027169899217231048,,,,,,,260886.81390339648,Unknown
0xa0b86991c6218b36c1d19d4a2e9eb0ce3606eb48,USDC,True,True,True,False,0.0,0.035,0.0,1113992.021288,1735246595,0x9ba00d6856a4edf4665bca2c2309936572473b7e,8973.910668,0xa0b86991c6218b36c1d19d4a2e9eb0ce3606eb480x24a42fd28c976a61df5d00d0599c34c4f90748c8,1113960.0942766692,8973.65347572025,0.00111396807275999942,,,,,,,1105018.11062,Unknown
0xdac17f958d2ee523a2206206994597c13d831ec7,USDT,True,True,True,False,0.0,0.035,0.0,790077.941672,1735206779,0x71fc860f7d3a592a4a98740e39db31d25db65ae8,0.0,0xdac17f958d2ee523a2206206994597c13d831ec70x24a42fd28c976a61df5d00d0599c34c4f90748c8,788691.3469835849,0.0,0.00078861354209999882,,,,,,,790077.941672,Unknown
0x57ab1ec28d129707052df4df418d58a2d46d5f51,SUSD,True,True,True,False,0.0,0.035,0.0,117143.9020719057,1734200255,0x625ae63000f46200499120b906716420bd059240,1966.035156108398,0x57ab1ec28d129707052df4df418d58a2d46d5f510x24a42fd28c976a61df5d00d0599c34c4f90748c8,113848.67807835444,1910.7311573172612,0.00011384867807835472,,,,,,,115177.8669157973,Unknown
0x80fb784b7ed66730e8b1dbd9820afd29931aab03,LEND,True,True,False,False,0.0,0.03,0.0,104474.27185529764,1721862959,0x7d2d3688df45ce7c552e19c27e007673da9204b8,1814.1198890162905,0x80fb784b7ed66730e8b1dbd9820afd29931aab030x24a42fd28c976a61df5d00d0599c34c4f90748c8,349036.66691327054,6060.76834227977,0.00034903666691327175,,,,,,,102660.15196628135,Unknown
0x0d8775f648430679a709e98d2b0cb6250d2887ef,BAT,True,True,True,False,0.0,0.03,0.0,435500.7828054059,1735345763,0xe1ba0fb44ccb0d11b80f92f4f8ed94ca3ff51d00,1907.625667419524,0x0d8775f648430679a709e98d2b0cb6250d2887ef0x24a42fd28c976a61df5d00d0599c34c4f90748c8,105005.52207300812,459.95607134594394,0.00010500552207300815,,,,,,,433593.1571379864,Unknown
0xeeeeeeeeeeeeeeeeeeeeeeeeeeeeeeeeeeeeeeee,ETH,True,True,True,False,0.0,0.03,0.0,1658.6114032934736,1735449839,0x3a3a65aab0dd2a17e3f1947ba16138cd37d08c04,2.9575034134819367,0xeeeeeeeeeeeeeeeeeeeeeeeeeeeeeeeeeeeeeeee0x24a42fd28c976a61df5d00d0599c34c4f90748c8,5564067.378504065,9921.400656050831,0.00556406737850247558,,,,,,,1655.6538998799917,Unknown
0x514910771af9ca656af840dff83e8264ecf986ca,LINK,True,True,True,False,0.0,0.03,0.0,246840.40115967256,1735332215,0xa64bd6c70cb9051f6a9ba1f163fdc07e0dfb5f84,38.10777519003778,0x514910771af9ca656af840dff83e8264ecf986ca0x24a42fd28c976a61df5d00d0599c34c4f90748c8,5261735.991022967,812.3186128089659,0.00526173599102297673,,,,,,,246802.29338448253,Unknown
0xdd974d5c2e2928dea5f71b9825b8b646686bd200,KNC,True,True,True,False,0.0,0.03,0.0,57678.60130546935,1735120331,0x9d91be44c06d373a8a226e1f3b146956083803eb,652.8479993794475,0xdd974d5c2e2928dea5f71b9825b8b646686bd2000x24a42fd28c976a61df5d00d0599c34c4f90748c8,32188.85134429401,364.33662964798873,0.00003218885134429382,,,,,,,57025.7533060899,Unknown
0x1985365e9f78359a9b6ad760e32412f4a445e862,REP,True,True,True,False,0.0,0.03,0.0,138.6704295112766,1724113355,0x71010a9d003445ac60c4e6a7017c1e89a477b438,4.082737003652807,0x1985365e9f78359a9b6ad760e32412f4a445e8620x24a42fd28c976a61df5d00d0599c34c4f90748c8,215.18334439067175,6.335431467327496,2.1518334439024e-7,,,,,,,134.5876925076238,Unknown
0x9f8f72aa9304c8b593d555f12ef6589cc3a579a2,MKR,True,True,True,False,0.0,0.03,0.0,63.09845703849599,1733712647,0x7deb5e830be29f91e298ba5ff1356bb7f8146998,0.1767843634958656,0x9f8f72aa9304c8b593d555f12ef6589cc3a579a20x24a42fd28c976a61df5d00d0599c34c4f90748c8,96046.42855546487,269.0954348989848,0.0000960464285547099,,,,,,,62.921672675000124,Unknown
0x0f5d2fb29fb7d3cfee444a200298f468908cc942,MANA,True,True,True,False,0.0,0.03,0.0,81668.27685316531,1733703743,0x6fce4a401b6b80ace52baaefe4421bd188e76f6f,6250.4841107040465,0x0f5d2fb29fb7d3cfee444a200298f468908cc9420x24a42fd28c976a61df5d00d0599c34c4f90748c8,40519.98723838775,3101.198484386255,0.00004051998723838759,,,,,,,75417.79274246127,Unknown
0xe41d2489571d322189246dafa5ebde1f4699f498,ZRX,True,True,True,False,0.0,0.03,0.0,74903.14290224851,1732496507,0x6fb0855c404e09c47c3fbca25f08d4e41f9f062f,438.29074528512007,0xe41d2489571d322189246dafa5ebde1f4699f4980x24a42fd28c976a61df5d00d0599c34c4f90748c8,35835.43216271697,209.68864137929376,0.0000358354321627172,,,,,,,74464.85215696339,Unknown
0xc011a73ee8576fb46f5e1c5751ca3b9fe0af2a6f,SNX,True,True,True,False,0.0,0.0,0.0,65140.94006015643,1735309943,0x328c4c80bc7aca0834db37e6600a6c49e12da4de,118.57387833464948,0xc011a73ee8576fb46f5e1c5751ca3b9fe0af2a6f0x24a42fd28c976a61df5d00d0599c34c4f90748c8,134144.93918200897,244.17955410357163,0.00013414493918200808,,,,,,,65022.36618182178,Unknown
0x2260fac5e5542a773aa44fbcfedf7c193bc2c599,WBTC,True,True,True,False,0.0,0.03,0.0,4.74666415,1734788747,0xfc4b8ed459e00e5400be803a9bb3954234fd50e3,0.027211,0x2260fac5e5542a773aa44fbcfedf7c193bc2c5990x24a42fd28c976a61df5d00d0599c34c4f90748c8,444487.1543613746,2548.0926341349355,0,,,,,,,4.71945315,Unknown
0x4fabb145d64652a948d72533023f6e7a623c7c53,BUSD,True,True,True,False,0.0,0.0,0.0,49399.98623497254,1726043903,0x6ee0f7bb50a54ab5253da0667b0dc2ee526c30a8,3761.289354926668,0x4fabb145d64652a948d72533023f6e7a623c7c530x24a42fd28c976a61df5d00d0599c34c4f90748c8,49401.32793859857,3761.39151154554,0.00004940132793859904,,,,,,,45638.69688004587,Unknown
0xf629cbd94d3791c9250152bd8dfbdf380e2a3b9c,ENJ,True,True,True,False,0.0,0.0,0.0,60342.424801943125,1724820767,0x712db54daa836b53ef1ecbb9c6ba3b9efb073f40,13.794363776165488,0xf629cbd94d3791c9250152bd8dfbdf380e2a3b9c0x24a42fd28c976a61df5d00d0599c34c4f90748c8,13409.681151285724,3.0654721040853548,0.0000134096811512857,,,,,,,60328.63043816696,Unknown
0x408e41876cccdc0f92210600ef50372656052a38,REN,True,True,True,False,0.0,0.0,0.0,111176.86336713796,1728550739,0x69948cc03f478b95283f7dbf1ce764d0fc7ec54c,7005.352196669037,0x408e41876cccdc0f92210600ef50372656052a380x24a42fd28c976a61df5d00d0599c34c4f90748c8,3569.921003933427,224.9438704189246,0.00000356992100393343,,,,,,,104171.51117046893,Unknown
0x0bc529c00c6401aef6d220be8c6ea1667f6ad93e,YFI,True,True,True,False,0.0,0.0,0.0,6.800075749694906,1734193499,0x12e51e77daaa58aa0e9247db7510ea4b46f9bead,0.0240987642165166,0x0bc529c00c6401aef6d220be8c6ea1667f6ad93e0x24a42fd28c976a61df5d00d0599c34c4f90748c8,57669.52139948826,204.3748113758857,0.00005766952140207568,,,,,,,6.77597698547839,Unknown
0x7fc66500c84a76ad7e9c93437bfc5ac33e2ddae9,AAVE,True,True,False,False,0.0,0.0,0.0,436.2022724855537,1732374251,0xba3d9687cf50fe253cd2e1cfeede1d6787344ed5,0.0,0x7fc66500c84a76ad7e9c93437bfc5ac33e2ddae90x24a42fd28c976a61df5d00d0599c34c4f90748c8,145730.22102439436,0.0,0.00014573022102454347,,,,,,,436.2022724855537,Unknown
0x1f9840a85d5af5bf1d1762f925bdaddc4201f984,UNI,True,True,False,False,0.0,0.0,0.0,1153.992004331888,1719610451,0xb124541127a0a657f056d9dd06188c4f1b0e5aab,0.0,0x1f9840a85d5af5bf1d1762f925bdaddc4201f9840x24a42fd28c976a61df5d00d0599c34c4f90748c8,15186.054557295942,0.0,0.00001518605455729742,,,,,,,1153.992004331888,Unknown
0xdac17f958d2ee523a2206206994597c13d831ec7,AUSDT,True,,True,False,0.9114631607902544,1.039835158954724,0.0933729026814546,84975569.315945,1732051259,0x3ed3b47dd13ec9a98b44e6204a523e766b225811,78056392.208307,0xdac17f958d2ee523a2206206994597c13d831ec70xb53c1a33016b2dc2ff3653530bff1848a515c8c5,85027118.8953148,78103744.33807622,0.08502754984063996834,694765960976989,1389531921953980,0,0,0,0,6919177.107638001,Unknown
0x2260fac5e5542a773aa44fbcfedf7c193bc2c599,AWBTC,True,,True,False,0.002771311491773,0.0376086558808217,1.24458503707e-05,4015.20621217,1732051595,0x9ff58f4ffb29fa2266ab25e75e2a8b3503311656,180.56995021,0x2260fac5e5542a773aa44fbcfedf7c193bc2c5990xb53c1a33016b2dc2ff3653530bff1848a515c8c5,366980459.18829626,16503671.229344064,0.36741860018682638799,252193044534425,0,0,0,0,0,3834.63626196,Unknown
0xc02aaa39b223fe8d0a0e5c4f27ead9083c756cc2,AWETH,True,,True,False,0.0191610817515566,0.0402410260291329,0.0005383618154514,80172.50244425959,1732051595,0x030ba81f1c18d280636f32af80b9aad02cf0854e,15156.519725245313,0xc02aaa39b223fe8d0a0e5c4f27ead9083c756cc20xb53c1a33016b2dc2ff3653530bff1848a515c8c5,246993842.08022603,46693902.83914126,0.24699384208444182736,933007096551141,0,0,0,0,0,65015.982719014275,Unknown
0x0bc529c00c6401aef6d220be8c6ea1667f6ad93e,AYFI,True,,True,False,0.2214027573855612,0.0002641632343183,2.37715517e-08,47.496207613640664,1731520859,0x5165d24277cd063f5ac44efd447b27025e888f37,0.0566430810768447,0x0bc529c00c6401aef6d220be8c6ea1667f6ad93e0xb53c1a33016b2dc2ff3653530bff1848a515c8c5,297965.63906332944,355.34819935246446,0.00029796563906558372,23204645595171,0,0,0,0,0,47.43956453256382,Unknown
0xe41d2489571d322189246dafa5ebde1f4699f498,AZRX,True,,False,False,0.2214027573855612,0.0385764333244975,7.065867741e-07,155493.4335439655,1731740267,0xdf7ff54aacacbff42dfe29dd6144a69b629f8c9e,5503.9554055190865,0xe41d2489571d322189246dafa5ebde1f4699f4980xb53c1a33016b2dc2ff3653530bff1848a515c8c5,65938.276901766,2333.9978242970233,0.00006593827690176748,0,0,0,0,0,0,149989.47813844643,Unknown
0x1f9840a85d5af5bf1d1762f925bdaddc4201f984,AUNI,True,,False,False,0.2214027573855612,0.0105585573684632,7.877406919e-07,74661.95005786816,1732008155,0xb9d7cb55f463405cdfbe4e90a6d2df01c2b92bf1,2941.4922674052636,0x1f9840a85d5af5bf1d1762f925bdaddc4201f9840xb53c1a33016b2dc2ff3653530bff1848a515c8c5,697181.6558153149,27467.196449705243,0.00069718165581533204,0,0,0,0,0,0,71720.4577904629,Unknown
0x7fc66500c84a76ad7e9c93437bfc5ac33e2ddae9,AAAVE,True,,False,False,0.0,0.0,0.0,36749.90832381655,1731714407,0xffc97d72e13e01096502cb8eb52dee56f74dad7b,0.0,0x7fc66500c84a76ad7e9c93437bfc5ac33e2ddae90xb53c1a33016b2dc2ff3653530bff1848a515c8c5,5875861.536341415,0.0,0.00587586153634148761,0,0,0,0,0,0,36749.90832381655,Unknown
0x0d8775f648430679a709e98d2b0cb6250d2887ef,ABAT,True,,False,False,0.2214027573855612,0.0356241269130293,4.503840562e-07,309439.0077179739,1731959615,0x05ec93c0365baaeabf7aeffb0972ea7ecdd39cf1,6972.298114532513,0x0d8775f648430679a709e98d2b0cb6250d2887ef0xb53c1a33016b2dc2ff3653530bff1848a515c8c5,66329.125430649,1494.5317967158219,0.00006632912543064988,0,0,0,0,0,0,302466.7096034414,Unknown
0x4fabb145d64652a948d72533023f6e7a623c7c53,ABUSD,True,,True,False,0.1051709179004239,3.482400482885799,2.7405276654e-06,793087.9449777424,1731103871,0xa361718326c15715591c299427c62086f69923d9,217822.2046286184,0x4fabb145d64652a948d72533023f6e7a623c7c530xb53c1a33016b2dc2ff3653530bff1848a515c8c5,791438.8375593526,217369.27602742377,0.00079143883755942101,21223932856405,42447865712811,0,0,0,0,575265.740349124,Unknown
0x6b175474e89094c44da98b954eedeac495271d0f,ADAI,True,,True,False,0.3044109506527937,0.3920139166389699,0.0347196180471285,28542583.68458271,1732036091,0x028171bca77440897b824ca71d1c56cac55b68a3,24438634.906559,0x6b175474e89094c44da98b954eedeac495271d0f0xb53c1a33016b2dc2ff3653530bff1848a515c8c5,28539101.48937315,24435653.393100362,0.02853910152026018622,860629828674028,1721259657348060,0,0,0,0,4103948.7780237086,Unknown
0xf629cbd94d3791c9250152bd8dfbdf380e2a3b9c,AENJ,True,,True,False,0.2214027573855612,0.0307695982506697,2.7275172616e-06,271815.38409198954,1731830519,0xac6df26a590f08dcc95d5a4705ae8abbc88509ef,37113.940705715504,0xf629cbd94d3791c9250152bd8dfbdf380e2a3b9c0xb53c1a33016b2dc2ff3653530bff1848a515c8c5,53130.55480588271,7254.498369599128,0.0000531305548058873,0,0,0,0,0,0,234701.44338627404,Unknown
0xdd974d5c2e2928dea5f71b9825b8b646686bd200,AKNC,True,,True,False,0.2214027573855612,0.0974901372316583,8.193397899e-06,33861.69595571826,1725585599,0x39c6b3e42d6a679d7d776778fe880bc9487c2eda,14209.079230277765,0xdd974d5c2e2928dea5f71b9825b8b646686bd2000xb53c1a33016b2dc2ff3653530bff1848a515c8c5,18211.574472408516,7641.959366859705,0.00001821157447241321,0,0,0,0,0,0,19652.6167254405,Unknown
0x514910771af9ca656af840dff83e8264ecf986ca,ALINK,True,,False,False,0.0069498782635557,0.0407005123135933,3.08365636181e-05,1228494.8047920684,1731984347,0xa06bc25b5805d5f8d82847d191cb4af5a3e873e0,54697.356878819206,0x514910771af9ca656af840dff83e8264ecf986ca0xb53c1a33016b2dc2ff3653530bff1848a515c8c5,17875991.685348663,795908.5321014567,0.01787599168536614954,272977322986304,0,0,0,0,0,1173797.4479132493,Unknown
0x0f5d2fb29fb7d3cfee444a200298f468908cc942,AMANA,True,,True,False,0.2214027573855612,0.0620928397392685,2.7217241934e-06,907946.7391401742,1731041063,0xa685a61171bb30d4072b338c80cb7b2c865c873e,124244.6426597828,0x0f5d2fb29fb7d3cfee444a200298f468908cc9420xb53c1a33016b2dc2ff3653530bff1848a515c8c5,361151.2728227367,49420.42181954374,0.00036115127282276808,0,0,0,0,0,0,783702.0964803915,Unknown
0x9f8f72aa9304c8b593d555f12ef6589cc3a579a2,AMKR,True,,False,False,0.2214027573855612,0.030650389967143,1.71044594e-08,1279.7765291566946,1731807203,0xc713e5e149d5d0715dcd1c156a020976e7e56b88,1.0961914025383876,0x9f8f72aa9304c8b593d555f12ef6589cc3a579a20xb53c1a33016b2dc2ff3653530bff1848a515c8c5,1902009.64267394,1629.164600493312,0.00190200964267439394,109957713960904,0,0,0,0,0,1278.6803377541562,Unknown
0x408e41876cccdc0f92210600ef50372656052a38,AREN,True,,False,False,0.2214027573855612,0.0012493119245701,1.123679028e-07,1234983.2294792288,1731740315,0xcc12abe4ff81c9378d670de1b57f8e0dd228d77a,6952.263007552414,0x408e41876cccdc0f92210600ef50372656052a380xb53c1a33016b2dc2ff3653530bff1848a515c8c5,50132.63878097299,282.2186421227091,0.00005013263878097316,0,0,0,0,0,0,1228030.9664716765,Unknown
0xc011a73ee8576fb46f5e1c5751ca3b9fe0af2a6f,ASNX,True,,False,False,0.2214027573855612,0.0,4.87856242e-08,402094.2153202909,1731856931,0x35f6b052c598d933d69a4eec4d04c73a191fe6c2,982.0302922303805,0xc011a73ee8576fb46f5e1c5751ca3b9fe0af2a6f0xb53c1a33016b2dc2ff3653530bff1848a515c8c5,696622.0370398818,1701.352361071572,0.00069662203703988203,0,0,0,0,0,0,401112.1850280605,Unknown
0x57ab1ec28d129707052df4df418d58a2d46d5f51,ASUSD,True,,False,False,1.0478296794460742,0.0,2.97262069561e-05,355914.0636078732,1731984347,0x6c5024cd4f8a59110119c56f8933403a539555eb,147734.2222501142,0x57ab1ec28d129707052df4df418d58a2d46d5f510xb53c1a33016b2dc2ff3653530bff1848a515c8c5,356539.1661552094,147993.69229667864,0.00035653916615554579,23046648361494,46093296722988,0,0,0,0,208179.84135775903,Unknown
0x0000000000085d4780b73119b644ae5ecd22b376,ATUSD,True,,False,False,0.1051709179004239,3.9790316693230543,2.7572808492e-06,499997.1385431268,1731951779,0x101cc05f4a51c0319f570d5e146a8c625198e636,137894.70996893017,0x0000000000085d4780b73119b644ae5ecd22b3760xb53c1a33016b2dc2ff3653530bff1848a515c8c5,500014.0834461516,137899.38322065093,0.00050001408344619582,64158288472709,128316576945418,0,0,0,0,362102.42857419665,Unknown
0xa0b86991c6218b36c1d19d4a2e9eb0ce3606eb48,AUSDC,True,,True,False,0.1670535112084779,0.2330394337000522,0.0214664630026901,88179579.102632,1732051595,0xbcca60bb61934080951369a648fb03df4f96263c,80823675.233227,0xa0b86991c6218b36c1d19d4a2e9eb0ce3606eb480xb53c1a33016b2dc2ff3653530bff1848a515c8c5,88174299.79123093,80818836.3197906,0.08817472066339980915,1903258773510960,3806517547021920,0,0,0,0,7355903.869405001,Unknown
0xd533a949740bb3306d119cc777fa900ba034cd52,ACRV,True,,False,False,0.2214027573855612,0.0316986925217541,6.38819932e-08,2520207.410480542,1732001147,0x8dae6cb04688c62d939ed9b68d32bc62e49970b1,8052.367473898769,0xd533a949740bb3306d119cc777fa900ba034cd520xb53c1a33016b2dc2ff3653530bff1848a515c8c5,1042895.350995631,3332.176775655226,0.00104289535099563305,44508547226299,0,0,0,0,0,2512155.043006643,Unknown
0x056fd409e1d7a124bd7017459dfea2f387b6d5cd,AGUSD,True,,False,False,1.3590550605902012,0.520638896902516,4.04510491076e-05,611847.51,1731967007,0xd37ee7e4f452c6638c96536e68090de8cbcdb583,288717.98,0x056fd409e1d7a124bd7017459dfea2f387b6d5cd0xb53c1a33016b2dc2ff3653530bff1848a515c8c5,611847.5099999999,288717.98,0,0,0,0,0,0,0,323129.53,Unknown
0xba100000625a3754423978a60c9317c58a424e3d,ABAL,True,,False,False,0.2214027573855612,0.046723477711733,1.1392579493e-06,62170.79782236242,1731291347,0x272f97b7a56a387ae942350bbc7df5700f8a4576,3557.5661230845867,0xba100000625a3754423978a60c9317c58a424e3d0xb53c1a33016b2dc2ff3653530bff1848a515c8c5,138567.83299528062,7929.192574008387,0.00013856783299528637,4875116344638,0,0,0,0,0,58613.231699277836,Unknown
0x8798249c2e607446efb7ad49ec89dd1865ff4272,AXSUSHI,True,,False,False,0.2214027573855612,0.0,8.4006651e-09,383886.43302115385,1731807239,0xf256cc7847e919fac9b808cc216cac87ccf2f47a,161.4951676458643,0x8798249c2e607446efb7ad49ec89dd1865ff42720xb53c1a33016b2dc2ff3653530bff1848a515c8c5,432677.455772871,182.02080679620005,0.00043267745577287114,28653877437482,0,0,0,0,0,383724.937853508,Unknown
0xd5147bc8e386d91cc5dbe72099dac6c9b99276f5,ARENFIL,True,,True,False,0.0,0.0,0.0,6387.878538498653,1723910795,0x514cd6756ccbe28772d4cb81bc3156ba9d1744aa,6162.561102914796,0xd5147bc8e386d91cc5dbe72099dac6c9b99276f50xb53c1a33016b2dc2ff3653530bff1848a515c8c5,27613.29611531809,26639.30184926815,0.00002761329611531959,0,0,0,0,0,0,225.31743558385733,Unknown
0x03ab458634910aad20ef5f1c8ee96f1d6ac54919,ARAI,True,,True,False,0.2214027573855612,0.0052961183496382,4.2257235172e-06,78603.15139560046,1729574627,0xc9bc48c72154ef3e5425641a3c747242112a46af,16814.433990324345,0x03ab458634910aad20ef5f1c8ee96f1d6ac549190xb53c1a33016b2dc2ff3653530bff1848a515c8c5,235925.63134448163,50468.15406804948,0.00023592563134451326,9846555646706,19693111293413,0,0,0,0,61788.71740527612,Unknown
0xd46ba6d942050d489dbd938a2c909a5d5039a161,AAMPL,True,,True,False,11.850847223108056,0.0,0.0002443641053486,330055.802956599,1725764339,0x1e6bb68acec8fefbd87d192be09bb274170a0548,315351.995510416,0xd46ba6d942050d489dbd938a2c909a5d5039a1610xb53c1a33016b2dc2ff3653530bff1848a515c8c5,393419.63983808114,375893.00774160953,0.00039341987470970933,0,0,0,0,0,0,14703.807446182997,Unknown
0x8e870d67f660d95d5be530380d0ec0bd388289e1,AUSDP,True,,False,False,2.8465142741940106,0.0,8.98421764589e-05,173257.47678003044,1731417551,0x2e8f4bdbe3d47d7d7de490437aea9915d930f1a3,116577.65522595364,0x8e870d67f660d95d5be530380d0ec0bd388289e10xb53c1a33016b2dc2ff3653530bff1848a515c8c5,173377.21155708315,116658.2197119269,0.00017337721155757706,9398984935492,18797969870985,0,0,0,0,56679.8215540768,Unknown
0x1494ca1f11d487c2bbe4543e90080aeba4ba3c2b,ADPI,True,,False,False,0.4582942161959017,0.0,1.99781903304e-05,814.1943112367364,1731310391,0x6f634c6135d2ebd550000ac92f494f9cb8183dae,432.9505791208876,0x1494ca1f11d487c2bbe4543e90080aeba4ba3c2b0xb53c1a33016b2dc2ff3653530bff1848a515c8c5,74638.67300129747,39689.36684369731,0.00007463867300132163,22409965951501,0,0,0,0,0,381.24373211584884,Unknown
0x853d955acef822db058eb8505911ed77f175b99e,AFRAX,True,,False,False,0.1393832024435005,0.0,1.7483031762e-06,566444.3631596547,1731887423,0xd4937682df3c8aef4fe912a96a74121c0829e664,75938.46866062023,0x853d955acef822db058eb8505911ed77f175b99e0xb53c1a33016b2dc2ff3653530bff1848a515c8c5,564077.498045966,75621.16280686049,0.00056407749804599731,8333031502505,16666063005009,0,0,0,0,490505.89449903445,Unknown
0x956f47f50a910163d8bf957cf5846d573e7f87ca,AFEI,True,,True,False,0.3926414321576305,0.3650652844709999,9.8794886576e-06,10862.987692913708,1725081131,0x683923db55fead99a79fa01a27eec3cb19679cc3,3409.195787241006,0x956f47f50a910163d8bf957cf5846d573e7f87ca0xb53c1a33016b2dc2ff3653530bff1848a515c8c5,10319.83830826802,3238.7359978789555,0.00001031983830827115,0,0,0,0,0,0,7453.791905672702,Unknown
0xae7ab96520de3a18e5e111b5eaab095312d7fe84,ASTETH,True,,False,False,0.0,0.0,0.0,50027.53729385043,1732018031,0x1982b2f5814301d4e9a8b0201555376e62f82428,0.0,0xae7ab96520de3a18e5e111b5eaab095312d7fe840xb53c1a33016b2dc2ff3653530bff1848a515c8c5,154123836.34414852,0.0,0.15412383634414720146,0,0,0,0,0,0,50027.53729385043,Unknown
0xc18360217d8f7ab5e7c516566761ea12ce7f9d72,AENS,True,,False,False,0.2214027573855612,0.0,4.03502481e-08,9449.802126117022,1730241371,0x9a14e23a58edf4efdcb360f68cd1b95ce2081a2f,19.284794336720164,0xc18360217d8f7ab5e7c516566761ea12ce7f9d720xb53c1a33016b2dc2ff3653530bff1848a515c8c5,168551.32862338916,343.9730974577173,0.00016855132862338878,0,0,0,0,0,0,9430.517331780302,Unknown
0xa693b19d2931d498c5b318df961919bb4aee87a5,AUST,True,,True,False,0.2214027573855612,0.0008870525233842,7.093277114e-07,6387469.936228,1730053811,0xc2e2152647f4c26028482efaf64b2aa28779efc4,229325.360773,0xa693b19d2931d498c5b318df961919bb4aee87a50xb53c1a33016b2dc2ff3653530bff1848a515c8c5,146248.7891538539,5250.679325330417,0.00014623802939999037,0,0,0,0,0,0,6158144.575455,Unknown
0x4e3fbd56cd56c3e72c1403e103b45db9da5b9d2b,ACVX,True,,False,False,0.2214027573855612,0.0009773733230327,8.79206442e-08,32734.227144193363,1726285127,0x952749e07d7157bb9644a894dfaf3bad5ef6d918,149.23634418719192,0x4e3fbd56cd56c3e72c1403e103b45db9da5b9d2b0xb53c1a33016b2dc2ff3653530bff1848a515c8c5,90177.1828076138,411.1205385124116,0.00009017718280761279,0,0,0,0,0,0,32584.99080000617,Unknown
0x111111111117dc0aa78b770fa6a738034120c302,A1INCH,True,,False,False,0.2214027573855612,0.0,3.907058389e-07,56500.41634471089,1726291931,0xb29130cbcc3f791f077eade0266168e808e5151e,1143.3972679399708,0x111111111117dc0aa78b770fa6a738034120c3020xb53c1a33016b2dc2ff3653530bff1848a515c8c5,18818.522221863164,380.829882099802,0.00001881852222186353,0,0,0,0,0,0,55357.019076770914,Unknown
0x5f98805a4e8be255a32880fdec7f6728c6568ba0,ALUSD,True,,False,False,0.3825811764244834,0.1900342209664804,8.3444229856e-06,103696.59393823912,1731815999,0xce1871f791548600cb59efbeffc9c38719142079,26758.30485327452,0x5f98805a4e8be255a32880fdec7f6728c6568ba00xb53c1a33016b2dc2ff3653530bff1848a515c8c5,103323.36293554088,26661.994756948294,0.00010332336293556863,0,0,0,0,0,0,76938.2890849646,Unknown
0xc02aaa39b223fe8d0a0e5c4f27ead9083c756cc2,AAMMWETH,True,,True,False,0.0633643260702306,0.0323081507295984,7.1771362738e-06,249.48262614751255,1728686171,0xf9fb4ad91812b704ba883b11d2b576e890a6730a,2.933382035897474,0xc02aaa39b223fe8d0a0e5c4f27ead9083c756cc20xacc030ef66f9dfeae9cbb0cd1b25654b82cfa8d5,768601.0849827336,9037.10470855222,0.00076860108498423543,0,0,0,0,0,0,246.54924411161508,Unknown
0x6b175474e89094c44da98b954eedeac495271d0f,AAMMDAI,True,,True,False,0.1242511339624279,0.1223485740308636,0.0007228004462053,22852.973702914584,1731389075,0x79be75ffc64dd58e66787e4eae470c8a1fd08ba4,14112.137546580772,0x6b175474e89094c44da98b954eedeac495271d0f0xacc030ef66f9dfeae9cbb0cd1b25654b82cfa8d5,22850.185640122796,14110.415865800069,0.00002285018564064615,0,0,0,0,0,0,8740.836156333811,Unknown
0xa0b86991c6218b36c1d19d4a2e9eb0ce3606eb48,AAMMUSDC,True,,True,False,0.1237711396071907,0.1110861201338673,0.0007161746520234,33529.845259,1726502399,0xd24946147829deaa935be2ad85a3291dbf109c80,20734.127554,0xa0b86991c6218b36c1d19d4a2e9eb0ce3606eb480xacc030ef66f9dfeae9cbb0cd1b25654b82cfa8d5,33527.83782716427,20732.886201783294,0.00003399796441999993,0,0,0,0,0,0,12795.717705000003,Unknown
0xdac17f958d2ee523a2206206994597c13d831ec7,AAMMUSDT,True,,True,False,0.1026741592919794,0.1135439271348884,0.0002951215452891,21944.029569,1725147239,0x17a79792fe6fe5c95dfe95fe3fcee3caf4fe4cb7,6724.424861,0xdac17f958d2ee523a2206206994597c13d831ec70xacc030ef66f9dfeae9cbb0cd1b25654b82cfa8d5,21957.341695097726,6728.504166097674,0.00002201334607999999,0,0,0,0,0,0,15219.604707999999,Unknown
0x2260fac5e5542a773aa44fbcfedf7c193bc2c599,AAMMWBTC,True,,True,False,0.0813292033598029,0.0674138767601377,0.0001791142355812,0.31127893,1725663599,0x13b2f6928d7204328b0e8e4bcd0379aa06ea21fa,0.07191109,0x2260fac5e5542a773aa44fbcfedf7c193bc2c5990xacc030ef66f9dfeae9cbb0cd1b25654b82cfa8d5,28450.16635031172,6572.505479032062,0,0,0,0,0,0,0,0.23936784,Unknown
0xa478c2975ab1ea89e8196811f51a7b7ade33eb11,AAMMUNIDAIWETH,True,,False,False,0.0304545339388128,0.0,0.0,0.3669935870092189,1692008615,0x9303eabc860a743aabcc3a1629014cabcc3f8d36,0.0,0xa478c2975ab1ea89e8196811f51a7b7ade33eb110xacc030ef66f9dfeae9cbb0cd1b25654b82cfa8d5,80.5454356827558,0.0,8.054543568073e-8,0,0,0,0,0,0,0.3669935870092189,Unknown
0xbb2b8038a1640196fbe3e38816f3e67cba72d940,AAMMUNIWBTCWETH,True,,False,False,0.0304545339388128,0.0,0.0,1.88777658802e-07,1668233915,0xc58f53a8adff2fb4eb16ed56635772075e2ee123,0.0,0xbb2b8038a1640196fbe3e38816f3e67cba72d9400xacc030ef66f9dfeae9cbb0cd1b25654b82cfa8d5,809.7305875478454,0.0,8.1068428339319e-7,0,0,0,0,0,0,1.88777658802e-07,Unknown
0xdfc14d2af169b0d36c4eff567ada9b2e0cae044f,AAMMUNIAAVEWETH,True,,False,False,0.0304545339388128,0.0,0.0,0.1346558192101274,1679558039,0xe59d2ff6995a926a574390824a657eed36801e55,0.0,0xdfc14d2af169b0d36c4eff567ada9b2e0cae044f0xacc030ef66f9dfeae9cbb0cd1b25654b82cfa8d5,284.1305568862831,0.0,2.841305564429e-7,0,0,0,0,0,0,0.1346558192101274,Unknown
0xb6909b960dbbe7392d405429eb2b3649752b4838,AAMMUNIBATWETH,True,,False,False,0.0304545339388128,0.0,0.0,0.0,1646894739,0xa1b0edf4460cc4d8bfaa18ed871bff15e5b57eb4,0.0,0xb6909b960dbbe7392d405429eb2b3649752b48380xacc030ef66f9dfeae9cbb0cd1b25654b82cfa8d5,0.0,0.0,0,0,0,0,0,0,0,0.0,Unknown
0xae461ca67b15dc8dc81ce7615e0320da1a9ab8d5,AAMMUNIDAIUSDC,True,,False,False,0.0304545339388128,0.0,0.0,9.0890432964e-06,1617754241,0xe340b25fe32b1011616bb8ec495a4d503e322177,0.0,0xae461ca67b15dc8dc81ce7615e0320da1a9ab8d50xacc030ef66f9dfeae9cbb0cd1b25654b82cfa8d5,20.596061165708583,0.0,2.059596305469e-8,0,0,0,0,0,0,9.0890432964e-06,Unknown
0x3da1313ae46132a397d90d95b1424a9a7e3e0fce,AAMMUNICRVWETH,True,,False,False,0.0304545339388128,0.0,0.0,4.13627330318e-05,1649578446,0x0ea20e7ffb006d4cfe84df2f72d8c7bd89247db0,0.0,0x3da1313ae46132a397d90d95b1424a9a7e3e0fce0xacc030ef66f9dfeae9cbb0cd1b25654b82cfa8d5,0.0334609487775177,0.0,3.346116475e-11,0,0,0,0,0,0,4.13627330318e-05,Unknown
0xa2107fa5b38d9bbd2c461d6edf11b11a50f6b974,AAMMUNILINKWETH,True,,False,False,0.0304545339388128,0.0,0.0,80.50459361041933,1719660107,0xb8db81b84d30e2387de0ff330420a4aaa6688134,0.0,0xa2107fa5b38d9bbd2c461d6edf11b11a50f6b9740xacc030ef66f9dfeae9cbb0cd1b25654b82cfa8d5,61900.26023067694,0.0,0.00006190026023035452,0,0,0,0,0,0,80.50459361041933,Unknown
0xc2adda861f89bbb333c90c492cb837741916a225,AAMMUNIMKRWETH,True,,False,False,0.0304545339388128,0.0,0.0,0.0,1715794775,0x370adc71f67f581158dc56f539df5f399128ddf9,0.0,0xc2adda861f89bbb333c90c492cb837741916a2250xacc030ef66f9dfeae9cbb0cd1b25654b82cfa8d5,0.0,0.0,0,0,0,0,0,0,0,0.0,Unknown
0x8bd1661da98ebdd3bd080f0be4e6d9be8ce9858c,AAMMUNIRENWETH,True,,False,False,0.0304545339388128,0.0,0.0,0.0,1635108902,0xa9e201a4e269d6cd5e9f0fcbcb78520cf815878b,0.0,0x8bd1661da98ebdd3bd080f0be4e6d9be8ce9858c0xacc030ef66f9dfeae9cbb0cd1b25654b82cfa8d5,0.0,0.0,0,0,0,0,0,0,0,0.0,Unknown
0x43ae24960e5534731fc831386c07755a2dc33d47,AAMMUNISNXWETH,True,,False,False,0.0304545339388128,0.0,0.0,0.0,1627572456,0x38e491a71291cd43e8de63b7253e482622184894,0.0,0x43ae24960e5534731fc831386c07755a2dc33d470xacc030ef66f9dfeae9cbb0cd1b25654b82cfa8d5,0.0,0.0,0,0,0,0,0,0,0,0.0,Unknown
0xd3d2e2692501a5c9ca623199d38826e513033a17,AAMMUNIUNIWETH,True,,False,False,0.0304545339388128,0.0,0.0,1.2102927116950828,1721789051,0x3d26dcd840fcc8e4b2193ace8a092e4a65832f9f,0.0,0xd3d2e2692501a5c9ca623199d38826e513033a170xacc030ef66f9dfeae9cbb0cd1b25654b82cfa8d5,1016.0982967891993,0.0,0.00000101609829704519,0,0,0,0,0,0,1.2102927116950828,Unknown
0xb4e16d0168e52d35cacd2c6185b44281ec28c9dc,AAMMUNIUSDCWETH,True,,False,False,0.0304545339388128,0.0,0.0,3.09979423356e-07,1667425007,0x391e86e2c002c70dee155eaceb88f7a3c38f5976,0.0,0xb4e16d0168e52d35cacd2c6185b44281ec28c9dc0xacc030ef66f9dfeae9cbb0cd1b25654b82cfa8d5,84.34686817174065,0.0,8.435246717396e-8,0,0,0,0,0,0,3.09979423356e-07,Unknown
0x004375dff511095cc5a197a54140a24efef3a416,AAMMUNIWBTCUSDC,True,,False,False,0.0304545339388128,0.0,0.0,0.0,1715283323,0x2365a4890ed8965e564b7e2d27c38ba67fec4c6f,0.0,0x004375dff511095cc5a197a54140a24efef3a4160xacc030ef66f9dfeae9cbb0cd1b25654b82cfa8d5,0.0,0.0,0,0,0,0,0,0,0,0.0,Unknown
0x2fdbadf3c4d5a8666bc06645b8358ab803996e28,AAMMUNIYFIWETH,True,,False,False,0.0304545339388128,0.0,0.0,0.0,1711707215,0x5394794be8b6ed5572fcd6b27103f46b5f390e8f,0.0,0x2fdbadf3c4d5a8666bc06645b8358ab803996e280xacc030ef66f9dfeae9cbb0cd1b25654b82cfa8d5,0.0,0.0,0,0,0,0,0,0,0,0.0,Unknown
0x1eff8af5d577060ba4ac8a29a13525bb0ee2a3d5,AAMMBPTWBTCWETH,True,,False,False,0.0304545339388128,0.0,0.0,0.0031856789920533,1723285823,0x358bd0d980e031e23eba9aa793926857703783bd,0.0,0x1eff8af5d577060ba4ac8a29a13525bb0ee2a3d50xacc030ef66f9dfeae9cbb0cd1b25654b82cfa8d5,837.8361417873077,0.0,8.3783614387728e-7,0,0,0,0,0,0,0.0031856789920533,Unknown
0x59a19d8c652fa0284f44113d0ff9aba70bd46fb4,AAMMBPTBALWETH,True,,False,False,0.0304545339388128,0.0,0.0,3.743266886905329,1708258607,0xd109b2a304587569c84308c55465cd9ff0317bfb,0.0,0x59a19d8c652fa0284f44113d0ff9aba70bd46fb40xacc030ef66f9dfeae9cbb0cd1b25654b82cfa8d5,458.47674971727423,0.0,4.5847674972887e-7,0,0,0,0,0,0,3.743266886905329,Unknown
0x50379f632ca68d36e50cfbc8f78fe16bd1499d1e,AAMMGUNIDAIUSDC,True,,False,False,0.0304545339388128,0.0,0.0,0.0999997548042562,1692540323,0xd145c6ae8931ed5bca9b5f5b7da5991f5ab63b5c,0.0,0x50379f632ca68d36e50cfbc8f78fe16bd1499d1e0xacc030ef66f9dfeae9cbb0cd1b25654b82cfa8d5,20.430135489971832,0.0,2.043013552996e-8,0,0,0,0,0,0,0.0999997548042562,Unknown
0xd2eec91055f07fe24c9ccb25828ecfefd4be0c41,AAMMGUNIUSDCUSDT,True,,False,False,0.0304545339388128,0.0,0.0,2.422181542e-09,1679447915,0xca5dfdabbffd58cfd49a9f78ca52ec8e0591a3c5,0.0,0xd2eec91055f07fe24c9ccb25828ecfefd4be0c410xacc030ef66f9dfeae9cbb0cd1b25654b82cfa8d5,1322.7643095515043,0.0,0.00000109220905750879,0,0,0,0,0,0,2.422181542e-09,Unknown
0x8f3cf7ad23cd3cadbd9735aff958023239c6a063,AMDAI,True,,True,False,0.1548098115488557,0.0599178678928069,9.8063199504e-06,7357373.479147157,1732051136,0x27f8d03b3a2196956ed754badc28d73be8830a6e,5012549.597944282,0x8f3cf7ad23cd3cadbd9735aff958023239c6a0630xd05e3e715d945b59290df0ae8ef85c1bdb684744,7356762.743574639,5012133.506202148,0.0073567627435769271,0,0,0,0,0,0,2344823.8812028747,Unknown
0x2791bca1f2de4661ed88a30c99a7a9449aa84174,AMUSDC,True,,True,False,0.1512494957071332,0.0594815832273887,1.01836215189e-05,7504677.598048,1732051718,0x1a13f4ca1d028320a707d99520abfefca3998b7f,5426025.054357,0x2791bca1f2de4661ed88a30c99a7a9449aa841740xd05e3e715d945b59290df0ae8ef85c1bdb684744,7503895.835782606,5425459.825327084,0.0075042182041499954,0,0,0,0,0,0,2078652.543691,Unknown
0xc2132d05d31c914a87c6611c10748aeb04b58e8f,AMUSDT,True,,True,False,0.2328996240336003,0.172994639486247,1.13324954677e-05,2151471.899149,1732051718,0x60d55f02a771d515e077c9c2403a1ef324885cec,1164519.554868,0xc2132d05d31c914a87c6611c10748aeb04b58e8f0xd05e3e715d945b59290df0ae8ef85c1bdb684744,2153590.5611016816,1165666.3154996533,0.00215311819724999486,0,0,0,0,0,0,986952.3442810001,Unknown
0x1bfd67037b42cf73acf2047067bd4f2c47d9bfd6,AMWBTC,True,,True,False,0.0101989606911533,0.040964099214427,3.80980655e-08,363.26558778,1732051638,0x5c2ed810328349100a66b82b78a1791b101c9d61,13.63881349,0x1bfd67037b42cf73acf2047067bd4f2c47d9bfd60xd05e3e715d945b59290df0ae8ef85c1bdb684744,33544570.516154747,1259431.546125593,0.03324302051183877605,0,0,0,0,0,0,349.62677428999996,Unknown
0x7ceb23fd6bc0add59e62ac25578270cff1b9f619,AMWETH,True,,True,False,0.0194265064621516,0.0504726655821017,1.480744466e-07,9731.405679286469,1732051638,0x28424507fefb6f7f8e9d3860f56504e4e5f5f390,748.9376044859176,0x7ceb23fd6bc0add59e62ac25578270cff1b9f6190xd05e3e715d945b59290df0ae8ef85c1bdb684744,30074323.586646836,2314546.5933518778,0.03007432358664847702,0,0,0,0,0,0,8982.46807480055,Unknown
0x0d500b1d8e8ef31e21c99d1db9a6444d3adf1270,AMWMATIC,True,,True,False,0.0178478091211133,0.0668837390902292,1.251802088e-07,4928896.4623127645,1732049418,0x8df3aad3a84da6b69a4da8aec3ea40d9091b2ac4,348777.1584767357,0x0d500b1d8e8ef31e21c99d1db9a6444d3adf12700xd05e3e715d945b59290df0ae8ef85c1bdb684744,2116813.5440865424,149789.353169968,0.00211681354408655084,0,0,0,0,0,0,4580119.303836029,Unknown
0xd6df932a45c0f255f85145f286ea0b292b21c90b,AMAAVE,True,,False,False,0.0,0.0304545339388128,0.0,16603.66555722809,1732044405,0x1d2a0e5ec8e5bbdca5cb219e649b565d8e5c3360,0.0,0xd6df932a45c0f255f85145f286ea0b292b21c90b0xd05e3e715d945b59290df0ae8ef85c1bdb684744,2662612.326396795,0.0,0.00266261232639678,0,0,0,0,0,0,16603.66555722809,Unknown
0x385eeac5cb85a38a9a07a70c73e0a3271cfb54a7,AMGHST,True,,False,False,0.009061000061475,0.0018056673581318,1.6272785e-09,328133.96867548936,1731416515,0x080b5bf8f360f624628e0fb961f4e67c9e3c7cf1,592.0738784065718,0x385eeac5cb85a38a9a07a70c73e0a3271cfb54a70xd05e3e715d945b59290df0ae8ef85c1bdb684744,304951.9071244448,550.244947536081,0.00030495190712444444,0,0,0,0,0,0,327541.8947970828,Unknown
0x9a71012b13ca4d3d0cdc72a177df3ef03b0e76a3,AMBAL,True,,True,False,0.9742253993189705,0.5671605460496811,1.88898318525e-05,1935.203527474886,1730874297,0xc4195d4060daeac44058ed668aa5efec50d77ff6,547.3524256049258,0x9a71012b13ca4d3d0cdc72a177df3ef03b0e76a30xd05e3e715d945b59290df0ae8ef85c1bdb684744,4313.010005631122,1219.8905462521927,0.00000431301000563361,0,0,0,0,0,0,1387.85110186996,Unknown
0x85955046df4668e1dd369d2de9f3aeb98dd2a369,AMDPI,True,,False,False,0.0,0.0,0.0,18.773191813440494,1722826065,0x81fb82aacb4abe262fc57f06fd4c1d2de347d7b1,0.0,0x85955046df4668e1dd369d2de9f3aeb98dd2a3690xd05e3e715d945b59290df0ae8ef85c1bdb684744,1726.2529850872083,0.0,0.0000017262529850467,0,0,0,0,0,0,18.773191813440494,Unknown
0x172370d5cd63279efa6d502dab29171933a610af,AMCRV,True,,True,False,0.2841497963431892,0.0777040875121263,1.1009113084e-06,20415.755548274967,1732012168,0x3df8f92b7e798820ddcca2ebea7babda2c90c4ad,898.9582917049363,0x172370d5cd63279efa6d502dab29171933a610af0xd05e3e715d945b59290df0ae8ef85c1bdb684744,8451.275447003965,372.1314217640353,0.00000845127544700439,0,0,0,0,0,0,19516.79725657003,Unknown
0x0b3f868e0be5597d5db7feb59e1cadbb0fdda50a,AMSUSHI,True,,False,False,0.0,0.0,0.0,499.7550529233146,1722537795,0x21ec9431b5b55c5339eb1ae7582763087f98fac2,0.0,0x0b3f868e0be5597d5db7feb59e1cadbb0fdda50a0xd05e3e715d945b59290df0ae8ef85c1bdb684744,383.01066477114176,0.0,3.830106647709e-7,0,0,0,0,0,0,499.7550529233146,Unknown
0x53e0bca35ec356bd5dddfebbd1fc0fd03fabad39,AMLINK,True,,True,False,0.0926190385679698,0.0178733709764961,1.569198437e-07,8692.405235167746,1732038188,0x0ca2e42e8c21954af73bc9af1213e4e81d6a669a,153.9962328263064,0x53e0bca35ec356bd5dddfebbd1fc0fd03fabad390xd05e3e715d945b59290df0ae8ef85c1bdb684744,126865.68737720737,2247.5756022012947,0.00012686568737721111,0,0,0,0,0,0,8538.40900234144,Unknown
0x49d5c2bdffac6ce2bfdb6640f4f80f226bc10bab,WETH.E,True,,True,False,0.0125977472098963,0.0304545339388128,0.0002015261353924,2038.462809445533,1732051102,0x53f7c5869a859f0aec3d334ee8b4cf01e3492f21,164.05479921481864,0x49d5c2bdffac6ce2bfdb6640f4f80f226bc10bab0xb6a86025f0fe1862b372cb0ca18ce3ede02a318f,6301668.838042657,507156.1821746304,0.00630166883808428842,0,0,0,0,0,0,1874.4080102307144,Unknown
0xd586e7f844cea2f87f50152665bcbc2c279d8d70,DAI.E,True,,True,False,0.0544394691224921,0.0520912479580657,0.0050080321294831,3388247.2937013195,1732038815,0x47afa96cdc9fab46904a55a6ad4bf6660b53c38a,1596539.8689495851,0xd586e7f844cea2f87f50152665bcbc2c279d8d700xb6a86025f0fe1862b372cb0ca18ce3ede02a318f,3388182.5442955373,1596509.3590726894,0.00338818254483225011,0,0,0,0,0,0,1791707.4247517344,Unknown
0xc7198437980c041c805a1edcba50c1ce5db95118,USDT.E,True,,True,False,0.0742626553632478,0.0522374303973284,0.0091644141219625,1267778.974052,1732049161,0x532e6537fea298397212f09a61e03311686f548e,807261.651127,0xc7198437980c041c805a1edcba50c1ce5db951180xb6a86025f0fe1862b372cb0ca18ce3ede02a318f,1269097.464185014,808101.2032441722,0.00126931872,0,0,0,0,0,0,460517.3229250001,Unknown
0xa7d7079b0fead91f3e65f86e8915cb59c1a4c664,USDC.E,True,,True,False,0.0522161228695629,0.0504090992392377,0.0041536597296032,4044448.310684,1732051102,0x46a51127c3ce23fb7ab1de06226147f446e4a857,1646852.872951,0xa7d7079b0fead91f3e65f86e8915cb59c1a4c6640xb6a86025f0fe1862b372cb0ca18ce3ede02a318f,4044278.888744266,1646783.886284152,0.00404383059684,0,0,0,0,0,0,2397595.437733,Unknown
0x63a72806098bd3d9520cc43356dd78afe5d386d9,AAVE.E,True,,False,False,0.0,0.0304545339388128,0.0,2442.280598928303,1731892192,0xd45b7c061016102f9fa220502908f2c0f1add1d7,0.0,0x63a72806098bd3d9520cc43356dd78afe5d386d90xb6a86025f0fe1862b372cb0ca18ce3ede02a318f,391018.949403076,0.0,0.00039101894940302754,0,0,0,0,0,0,2442.280598928303,Unknown
0x50b7545627a5162f82a992c33b87adc75187b218,WBTC.E,True,,True,False,0.0001827801066708,0.0304545339388128,3.22095174e-08,154.33347272,1732044666,0x686bef2417b6dc32c50a3cbfbcc3bb60e1e9a15d,0.18132758,0x50b7545627a5162f82a992c33b87adc75187b2180xb6a86025f0fe1862b372cb0ca18ce3ede02a318f,14232604.621559408,16721.99625680906,0.013832972560056,0,0,0,0,0,0,154.15214514000002,Unknown
0xb31f66aa3c1e785363f0875a1b74e27b85fd66c7,WAVAX,True,,True,False,0.0054561939487192,0.0512710963343545,3.80687055386e-05,111870.81500222698,1732050119,0xdfe521292ece2a4f44242efbcd66bc594ca9714b,3913.263378623161,0xb31f66aa3c1e785363f0875a1b74e27b85fd66c70xb6a86025f0fe1862b372cb0ca18ce3ede02a318f,3795130.6375399753,132754.42518837744,0.00379513063754455577,0,0,0,0,0,0,107957.55162360382,Unknown
0x8f3cf7ad23cd3cadbd9735aff958023239c6a063,DAI,True,,True,False,0.0562662886466457,0.0793281760497419,0.0328859836446278,17685438.422846314,1722092754,0x82E64f49Ed5EC1bC6e43DAD4FC8Af9bb3A2312EE,13778224.468893075,137-0x8f3cf7ad23cd3cadbd9735aff958023239c6a063-0xa97684ead0e402dc232d5a977953df7ecbab3cdb,17682800.285996776,13776169.17114905,3.288107839776672e-11,,,,,,,3907213.953953238,Unknown
0x53e0bca35ec356bd5dddfebbd1fc0fd03fabad39,LINK,True,,True,False,0.0049961223731564,0.09,0.0001283720850902,672963.2887980775,1722092750,0x191c10Aa4AF7C30e871E70C95dB0E4eb77237530,21614.18756006627,137-0x53e0bca35ec356bd5dddfebbd1fc0fd03fabad39-0xa97684ead0e402dc232d5a977953df7ecbab3cdb,9226145.554622829,296324.6937737849,1.75994556739248e-12,,,,,,,651349.1012380113,Unknown
0x2791bca1f2de4661ed88a30c99a7a9449aa84174,USDC,True,,True,False,0.0947835480273137,0.1147391774013656,0.057166938915341,27428700.57372,1722092746,0x625E7708f30cA75bfd92586e17077590C60eb4cD,23398106.257211,137-0x2791bca1f2de4661ed88a30c99a7a9449aa84174-0xa97684ead0e402dc232d5a977953df7ecbab3cdb,27428879.40884774,23398258.812863797,0,,,,,,,4030594.316509001,Unknown
0x1bfd67037b42cf73acf2047067bd4f2c47d9bfd6,WBTC,True,,True,False,0.0031612575088588,0.06,8.99419413358e-05,1770.97130038,1722092750,0x078f358208685046a11C85e8ad32895DED33A249,62.98308374,137-0x1bfd67037b42cf73acf2047067bd4f2c47d9bfd6-0xa97684ead0e402dc232d5a977953df7ecbab3cdb,122153249.04539762,4344276.111130953,0,,,,,,,1707.98821664,Unknown
0x7ceb23fd6bc0add59e62ac25578270cff1b9f619,WETH,True,,True,False,0.0184677260000702,0.0695447792593633,0.0039384502835858,26958.556666694694,1722092738,0xe50fA9b3c56FfB159cB0FCA61F5c9D750e8128c8,6763.782945643136,137-0x7ceb23fd6bc0add59e62ac25578270cff1b9f619-0xa97684ead0e402dc232d5a977953df7ecbab3cdb,89189837.24008308,22377336.721236452,1.30299896549051145e-8,,,,,,,20194.77372105156,Unknown
0xc2132d05d31c914a87c6611c10748aeb04b58e8f,USDT,True,,True,False,0.0630042957477775,0.0798464842882905,0.049373790108857,43479386.132817,1722092754,0x6ab707Aca953eDAeFBc4fD23bA73294241490620,37929989.270758,137-0xc2132d05d31c914a87c6611c10748aeb04b58e8f-0xa97684ead0e402dc232d5a977953df7ecbab3cdb,43485054.10559327,37934933.82415934,0,,,,,,,5549396.862058997,Unknown
0xd6df932a45c0f255f85145f286ea0b292b21c90b,AAVE,True,,False,False,0.0,0.09,0.0,69993.72311352803,1722092436,0xf329e36C7bF6E5E86ce2150875a84Ce77f477375,0.0,137-0xd6df932a45c0f255f85145f286ea0b292b21c90b-0xa97684ead0e402dc232d5a977953df7ecbab3cdb,7073791.737578799,0.0,0,,,,,,,69993.72311352803,Unknown
0x0d500b1d8e8ef31e21c99d1db9a6444d3adf1270,WMATIC,True,,True,False,0.0381158412421491,0.07,0.0174338082431606,59637988.63680001,1722092746,0x6d80113e533a2C0fe82EaBD35f1875DcEA89Ea97,34097282.02680478,137-0x0d500b1d8e8ef31e21c99d1db9a6444d3adf1270-0xa97684ead0e402dc232d5a977953df7ecbab3cdb,30987898.895681288,17716947.741127763,9.0586066368e-12,,,,,,,25540706.60999523,Unknown
0x172370d5cd63279efa6d502dab29171933a610af,CRV,True,,True,False,0.0773979820215508,0.1970845611551719,0.0119374329882886,188063.2915400584,1722081984,0x513c7E3a9c69cA3e22550eF58AC1C0088e918FFf,44570.00389685513,137-0x172370d5cd63279efa6d502dab29171933a610af-0xa97684ead0e402dc232d5a977953df7ecbab3cdb,49893.191245577495,11824.422033835664,3.1670009749e-12,,,,,,,143493.28764320325,Unknown
0x0b3f868e0be5597d5db7feb59e1cadbb0fdda50a,SUSHI,True,,True,False,0.4166349436361701,0.09,0.1711702134723014,132080.66107744735,1721625013,0xc45A479877e1e9Dfe9FcD4056c699575a1045dAA,68033.87718153247,137-0x0b3f868e0be5597d5db7feb59e1cadbb0fdda50a-0xa97684ead0e402dc232d5a977953df7ecbab3cdb,94305.59200929741,48576.18830761418,1.22215532082e-10,,,,,,,64046.78389591488,Unknown
0x385eeac5cb85a38a9a07a70c73e0a3271cfb54a7,GHST,True,,False,False,0.0011717106935932,0.09,5.7367855746e-06,1524807.8950121526,1721997426,0x8Eb270e296023E9D92081fdF967dDd7878724424,11485.542842415807,137-0x385eeac5cb85a38a9a07a70c73e0a3271cfb54a7-0xa97684ead0e402dc232d5a977953df7ecbab3cdb,1658838.5089837208,12495.12205826416,6.2412823e-15,,,,,,,1513322.3521697368,Unknown
0x9a71012b13ca4d3d0cdc72a177df3ef03b0e76a3,BAL,True,,True,False,0.0848998820005836,0.3048998820005836,0.0086196243307166,183888.5209497402,1721971489,0x8ffDf2DE812095b1D19CB146E4c004587C0A0692,23343.69964167375,137-0x9a71012b13ca4d3d0cdc72a177df3ef03b0e76a3-0xa97684ead0e402dc232d5a977953df7ecbab3cdb,479570.3801142526,60878.98718534034,2.247946928265168e-11,,,,,,,160544.82130806646,Unknown
0x85955046df4668e1dd369d2de9f3aeb98dd2a369,DPI,True,,True,False,0.0866031047041547,0.12,0.0219377859023664,604.702932314457,1721466680,0x724dc807b04555b71ed48a6896b6F41593b8C637,235.90850575154096,137-0x85955046df4668e1dd369d2de9f3aeb98dd2a369-0xa97684ead0e402dc232d5a977953df7ecbab3cdb,55276.15208393996,21564.496788376895,2.00534234335469502e-9,,,,,,,368.7944265629161,Unknown
0xe111178a87a3bff0c8d18decba5798827539ae99,EURS,True,,True,False,0.0513067320528412,0.0789466716963724,0.0262778605958301,2990691.94,1722090615,0x38d693cE1dF5AaDF7bC62595A37D667aD57922e5,1888527.15,137-0xe111178a87a3bff0c8d18decba5798827539ae99-0xa97684ead0e402dc232d5a977953df7ecbab3cdb,3246635.3562252,2050147.303497,0,,,,,,,1102164.79,Unknown
0x4e3decbb3645551b8a19f0ea1678079fcb33fb4c,jEUR,True,,True,False,0.0353709432173881,0.0777208417859529,0.013858378605279,27924.03873782944,1722037354,0x6533afac2E7BCCB20dca161449A13A32D391fb00,13676.27417925939,137-0x4e3decbb3645551b8a19f0ea1678079fcb33fb4c-0xa97684ead0e402dc232d5a977953df7ecbab3cdb,30313.77797301288,14846.689723520409,1.504437907482e-11,,,,,,,14247.76455857005,Unknown
0xe0b52e49357fd4daf2c15e02058dce6bc0057db4,EURA,True,,False,False,0.0814000755880406,0.0964000755880406,0.0523808414200827,127999.87755876768,1721945281,0x8437d7C167dFB82ED4Cb79CD44B7a32A1dd95c77,102967.35771029812,137-0xe0b52e49357fd4daf2c15e02058dce6bc0057db4-0xa97684ead0e402dc232d5a977953df7ecbab3cdb,138954.10708024702,111779.30418314545,5.686359337278e-11,,,,,,,25032.519848469557,Unknown
0xa3fa99a148fa48d14ed51d610c367c61876997f1,miMATIC,True,,True,False,0.0701820594450821,0.1038990033025045,0.0012313803669882,14775.606590453324,1721245934,0xeBe517846d0F36eCEd99C735cbF6131e1fEB775D,5191.256846598307,137-0xa3fa99a148fa48d14ed51d610c367c61876997f1-0xa97684ead0e402dc232d5a977953df7ecbab3cdb,14740.774870989122,5179.019081533272,1.2284771694156e-12,,,,,,,9584.349743855018,Unknown
0x3a58a54c066fdc0f2d55fc9c89f0415c92ebf3c4,stMATIC,True,,False,False,0.0,0.09,0.0,33295603.39037735,1722076494,0xEA1132120ddcDDA2F119e99Fa7A27a0d036F7Ac9,0.0,137-0x3a58a54c066fdc0f2d55fc9c89f0415c92ebf3c4-0xa97684ead0e402dc232d5a977953df7ecbab3cdb,19508569.927170917,0.0,0,,,,,,,33295603.39037735,Unknown
0xfa68fb4628dff1028cfec22b4162fccd0d45efb6,MaticX,True,,True,False,0.0029460033626549,0.0600557504203318,1.18253466552e-05,92815952.14539713,1722090725,0x80cA0d8C38d2e2BcbaB66aA1648Bd1C7160500FE,465707.639626302,137-0xfa68fb4628dff1028cfec22b4162fccd0d45efb6-0xa97684ead0e402dc232d5a977953df7ecbab3cdb,54079799.25801415,271347.4901863945,6.8899107475e-15,,,,,,,92350244.50577082,Unknown
0x03b54a6e9a984069379fae1a4fc4dbae93b3bccd,wstETH,True,,True,False,0.0033130322673797,0.0558130322673797,2.28956181581e-05,6099.6699120607045,1722086461,0xf59036CAEBeA7dC4b86638DFA2E3C97dA9FcCd40,49.59231719102608,137-0x03b54a6e9a984069379fae1a4fc4dbae93b3bccd-0xa97684ead0e402dc232d5a977953df7ecbab3cdb,23688884.33429384,192598.40003554232,8.891967984129072e-11,,,,,,,6050.077594869678,Unknown
0x3c499c542cef5e3811e1192ce70d8cc03d5c3359,USDC,True,,True,False,0.0644514012629145,0.1145780009714727,0.051765020477694,37338255.094052,1722092696,0xA4D94019934D8333Ef880ABFFbF2FDd611C762BD,33320809.39408,137-0x3c499c542cef5e3811e1192ce70d8cc03d5c3359-0xa97684ead0e402dc232d5a977953df7ecbab3cdb,37338498.53947522,33321026.645757247,0,,,,,,,4017445.699972,Unknown
0xd586e7f844cea2f87f50152665bcbc2c279d8d70,DAI.e,True,,True,False,0.0761269148071788,0.0,0.0514597830495548,3458300.1010363447,1722092524,0x82E64f49Ed5EC1bC6e43DAD4FC8Af9bb3A2312EE,3117600.9680301677,43114-0xd586e7f844cea2f87f50152665bcbc2c279d8d70-0xa97684ead0e402dc232d5a977953df7ecbab3cdb,3458540.1762293587,3117817.391889368,5.146335533813586e-11,,,,,,,340699.1330061769,Unknown
0x5947bb275c521040051d82396192181b413227a3,LINK.e,True,,True,False,0.0051267746275184,0.0,0.0001351739215613,158737.1727615628,1722092524,0x191c10Aa4AF7C30e871E70C95dB0E4eb77237530,5231.634050772027,43114-0x5947bb275c521040051d82396192181b413227a3-0xa97684ead0e402dc232d5a977953df7ecbab3cdb,2180250.3057648824,71856.33673833228,1.85661083478e-12,,,,,,,153505.53871079077,Unknown
0xb97ef9ef8734c71904d8002f8b6bc66dd9c48a6e,USDC,True,,True,False,0.0632435813628902,0.0,0.0497402771463961,82618850.861227,1722092524,0x625E7708f30cA75bfd92586e17077590C60eb4cD,72347694.631794,43114-0xb97ef9ef8734c71904d8002f8b6bc66dd9c48a6e-0xa97684ead0e402dc232d5a977953df7ecbab3cdb,82620634.6022171,72349256.61852111,0,,,,,,,10271156.229433,Unknown
0x50b7545627a5162f82a992c33b87adc75187b218,WBTC.e,True,,True,False,0.0075926767239481,0.0,0.0005188386585094,174.65424303,1722092524,0x078f358208685046a11C85e8ad32895DED33A249,14.91854937,43114-0x50b7545627a5162f82a992c33b87adc75187b218-0xa97684ead0e402dc232d5a977953df7ecbab3cdb,12062167.119544296,1030321.5802847836,0,,,,,,,159.73569366,Unknown
0x49d5c2bdffac6ce2bfdb6640f4f80f226bc10bab,WETH.e,True,,True,False,0.0237935891991317,0.0,0.008265752466307,9833.027392403683,1722092725,0xe50fA9b3c56FfB159cB0FCA61F5c9D750e8128c8,4018.74794540954,43114-0x49d5c2bdffac6ce2bfdb6640f4f80f226bc10bab-0xa97684ead0e402dc232d5a977953df7ecbab3cdb,32559554.051708225,13307055.470000813,2.736992263744997808e-8,,,,,,,5814.279446994143,Unknown
0x9702230a8ea53601f5cd2dc00fdbc13d4df4a8c7,USDt,True,,True,False,0.0574264121323695,0.0,0.0410340084064752,36388255.400383,1722092524,0x6ab707Aca953eDAeFBc4fD23bA73294241490620,28933558.479779,43114-0x9702230a8ea53601f5cd2dc00fdbc13d4df4a8c7-0xa97684ead0e402dc232d5a977953df7ecbab3cdb,36391894.589805596,28936452.12496256,0,,,,,,,7454696.920604002,Unknown
0x63a72806098bd3d9520cc43356dd78afe5d386d9,AAVE.e,True,,False,False,0.0,0.0,0.0,5203.820272243844,1722092524,0xf329e36C7bF6E5E86ce2150875a84Ce77f477375,0.0,43114-0x63a72806098bd3d9520cc43356dd78afe5d386d9-0xa97684ead0e402dc232d5a977953df7ecbab3cdb,525469.2819225299,0.0,0,,,,,,,5203.820272243844,Unknown
0xb31f66aa3c1e785363f0875a1b74e27b85fd66c7,WAVAX,True,,True,False,0.0464593994714085,0.0,0.0186614097109218,3655209.06879519,1722092725,0x6d80113e533a2C0fe82EaBD35f1875DcEA89Ea97,1835241.0125701216,43114-0xb31f66aa3c1e785363f0875a1b74e27b85fd66c7-0xa97684ead0e402dc232d5a977953df7ecbab3cdb,107436262.92539851,53942587.75543822,5.48508201195591e-10,,,,,,,1819968.0562250686,Unknown
0x2b2c81e08f1af8835a78bb2a90ae924ace0ea4be,sAVAX,True,,False,False,0.0,0.0,0.0,1445319.6530553333,1722092524,0x513c7E3a9c69cA3e22550eF58AC1C0088e918FFf,0.0,43114-0x2b2c81e08f1af8835a78bb2a90ae924ace0ea4be-0xa97684ead0e402dc232d5a977953df7ecbab3cdb,49229469.72402121,0.0,0,,,,,,,1445319.6530553333,Unknown
0xd24c2ad096400b6fbcd2ad8b24e7acbc21a1da64,FRAX,True,,True,False,0.0613534342304583,0.0,0.0416962400330345,27335.647551493326,1722092524,0xc45A479877e1e9Dfe9FcD4056c699575a1045dAA,23221.811338826825,43114-0xd24c2ad096400b6fbcd2ad8b24e7acbc21a1da64-0xa97684ead0e402dc232d5a977953df7ecbab3cdb,27267.58916971495,23163.99529848221,4.15924276203848e-11,,,,,,,4113.8362126665015,Unknown
0x5c49b268c9841aff1cc3b0a418ff5c3442ee3f3b,MAI,True,,True,False,0.3525237479055764,0.0,0.0087801213368628,10170.239501011964,1722092524,0x8Eb270e296023E9D92081fdF967dDd7878724424,5066.0469873311295,43114-0x5c49b268c9841aff1cc3b0a418ff5c3442ee3f3b-0xa97684ead0e402dc232d5a977953df7ecbab3cdb,10141.773814267792,5051.867527097349,8.75554614373068e-12,,,,,,,5104.192513680834,Unknown
0x152b9d0fdc40c096757f570a51e494bd4b943e50,BTC.b,True,,True,False,0.0036407610360487,0.0,6.81692961682e-05,2229.22608589,1722092524,0x8ffDf2DE812095b1D19CB146E4c004587C0A0692,52.1747672,43114-0x152b9d0fdc40c096757f570a51e494bd4b943e50-0xa97684ead0e402dc232d5a977953df7ecbab3cdb,153957310.90617746,3603352.2602804312,0,,,,,,,2177.05131869,Unknown
0xda10009cbd5d07dd0cecc66161fc93d7c9000da1,DAI,True,,True,False,0.1765638644954944,0.0,0.1164111163390878,11073201.345526837,1722092661,0x82E64f49Ed5EC1bC6e43DAD4FC8Af9bb3A2312EE,10130589.087060457,42161-0xda10009cbd5d07dd0cecc66161fc93d7c9000da1-0xa97684ead0e402dc232d5a977953df7ecbab3cdb,11073483.269233093,10130847.011858616,1.1641407982701336e-10,,,,,,,942612.2584663797,Unknown
0xf97f4df75117a78c1a5a0dbb814af92458539fb4,LINK,True,,True,False,0.0074869280320483,0.0,0.000288278184122,1938648.829127212,1722092751,0x191c10Aa4AF7C30e871E70C95dB0E4eb77237530,93307.65626827485,42161-0xf97f4df75117a78c1a5a0dbb814af92458539fb4-0xa97684ead0e402dc232d5a977953df7ecbab3cdb,26567301.713824183,1278690.9207301266,3.95057036034e-12,,,,,,,1845341.1728589372,Unknown
0xff970a61a04b1ca14834a43f5de4533ebddb5cc8,USDC,True,,True,False,0.1590005116220761,0.0,0.0727458347239859,11133163.554441,1722092661,0x625E7708f30cA75bfd92586e17077590C60eb4cD,10150560.313305,42161-0xff970a61a04b1ca14834a43f5de4533ebddb5cc8-0xa97684ead0e402dc232d5a977953df7ecbab3cdb,11133692.713704742,10151042.769436693,0,,,,,,,982603.2411359996,Unknown
0x2f2a2543b76a4166549f7aab2e75bef0aefc5b0f,WBTC,True,,True,False,0.0068408936679512,0.0,0.0004211804355859,4174.40458648,1722092742,0x078f358208685046a11C85e8ad32895DED33A249,321.26240321,42161-0x2f2a2543b76a4166549f7aab2e75bef0aefc5b0f-0xa97684ead0e402dc232d5a977953df7ecbab3cdb,288213431.3096356,22180921.29349892,0,,,,,,,3853.14218327,Unknown
0x82af49447d8a07e3bd95bd0d56f35241523fbab1,WETH,True,,True,False,0.0250614509046042,0.0,0.0177954957742435,112598.37297852548,1722092661,0xe50fA9b3c56FfB159cB0FCA61F5c9D750e8128c8,94062.62121927353,42161-0x82af49447d8a07e3bd95bd0d56f35241523fbab1-0xa97684ead0e402dc232d5a977953df7ecbab3cdb,372790693.2573022,311422526.3327708,5.89173281568e-8,,,,,,,18535.751759251958,Unknown
0xfd086bc7cd5c481dcc9c85ebe478a1c0b69fcbb9,USDT,True,,True,False,0.0644943930381936,0.0,0.0516344368601893,85289233.921714,1722092734,0x6ab707Aca953eDAeFBc4fD23bA73294241490620,76163185.961629,42161-0xfd086bc7cd5c481dcc9c85ebe478a1c0b69fcbb9-0xa97684ead0e402dc232d5a977953df7ecbab3cdb,85295965.80094744,76169197.52189694,0,,,,,,,9126047.96008499,Unknown
0xba5ddd1f9d7f570dc94a51479a000e3bce967196,AAVE,True,,False,False,0.0,0.0,0.0,3599.887972724489,1722092661,0xf329e36C7bF6E5E86ce2150875a84Ce77f477375,0.0,42161-0xba5ddd1f9d7f570dc94a51479a000e3bce967196-0xa97684ead0e402dc232d5a977953df7ecbab3cdb,364646.69232035714,0.0,0,,,,,,,3599.887972724489,Unknown
0xd22a58f79e9481d1a88e00c343885a588b34b68b,EURS,True,,True,False,0.0499244265050569,0.0,0.0250336557919746,54537.97,1722092661,0x6d80113e533a2C0fe82EaBD35f1875DcEA89Ea97,33511.1,42161-0xd22a58f79e9481d1a88e00c343885a588b34b68b-0xa97684ead0e402dc232d5a977953df7ecbab3cdb,59204.7840929,36378.644827,0,,,,,,,21026.870000000003,Unknown
0x5979d7b546e38e414f7e9822514be443a4800529,wstETH,True,,True,False,0.0057430160885354,0.0,0.0001583098953606,45874.00883476301,1722092661,0x513c7E3a9c69cA3e22550eF58AC1C0088e918FFf,1487.70151547838,42161-0x5979d7b546e38e414f7e9822514be443a4800529-0xa97684ead0e402dc232d5a977953df7ecbab3cdb,178286795.76402205,5781869.581167383,6.152630510027268e-10,,,,,,,44386.30731928463,Unknown
0x3f56e0c36d275367b8c502090edf38289b3dea0d,MAI,True,,True,False,0.0162094998594056,0.0,6.5686971423e-05,15631.698286079658,1722092661,0xc45A479877e1e9Dfe9FcD4056c699575a1045dAA,1266.8670391951782,42161-0x3f56e0c36d275367b8c502090edf38289b3dea0d-0xa97684ead0e402dc232d5a977953df7ecbab3cdb,15595.11182729014,1263.9018988839307,6.553325760589e-14,,,,,,,14364.83124688448,Unknown
0xec70dcb4a1efa46b8f2d97c310c9c4790ba5ffa8,rETH,True,,True,False,0.0087546815137117,0.0,0.000418807164507,3055.9631765764902,1722092661,0x8Eb270e296023E9D92081fdF967dDd7878724424,171.98990268087584,42161-0xec70dcb4a1efa46b8f2d97c310c9c4790ba5ffa8-0xa97684ead0e402dc232d5a977953df7ecbab3cdb,11251630.931773433,633242.8753689232,1.54198906314121598e-9,,,,,,,2883.9732738956145,Unknown
0x93b346b6bc2548da6a1e7d98e9a421b42541425b,LUSD,True,,True,False,0.0622335626760094,0.0,0.0381343145683574,755585.7942600334,1722092661,0x8ffDf2DE812095b1D19CB146E4c004587C0A0692,578742.0104563646,42161-0x93b346b6bc2548da6a1e7d98e9a421b42541425b-0xa97684ead0e402dc232d5a977953df7ecbab3cdb,751502.4272872616,575614.3497337758,3.79282280095044e-11,,,,,,,176843.7838036688,Unknown
0xaf88d065e77c8cc2239327c5edb3a432268e5831,USDC,True,,True,False,0.0873116006660258,0.0,0.068609840497772,247960067.185234,1722092696,0x724dc807b04555b71ed48a6896b6F41593b8C637,216497907.446232,42161-0xaf88d065e77c8cc2239327c5edb3a432268e5831-0xa97684ead0e402dc232d5a977953df7ecbab3cdb,247971852.72722733,216508197.5917729,0,,,,,,,31462159.73900202,Unknown
0x17fc002b466eec40dae837fc4be5c67993ddbd6f,FRAX,True,,True,False,0.0637729281817693,0.0,0.0450496951629465,293947.7344464769,1722092661,0x38d693cE1dF5AaDF7bC62595A37D667aD57922e5,259558.7294970726,42161-0x17fc002b466eec40dae837fc4be5c67993ddbd6f-0xa97684ead0e402dc232d5a977953df7ecbab3cdb,293051.0116088198,258766.91444569424,4.49122654994391e-11,,,,,,,34389.004949404305,Unknown
0x912ce59144191c1204e64559fe8253a0e49e6548,ARB,True,,True,False,0.0372204285629939,0.0,0.007124710126695,29346503.592447363,1722092661,0x6533afac2E7BCCB20dca161449A13A32D391fb00,7021861.368907496,42161-0x912ce59144191c1204e64559fe8253a0e49e6548-0xa97684ead0e402dc232d5a977953df7ecbab3cdb,21557941.539011832,5158259.361599446,5.233811966e-12,,,,,,,22324642.223539867,Unknown
0x35751007a407ca6feffe80b3cb397736d2cf4dbe,weETH,True,,True,False,0.023779067276515,0.0,0.0015549711114878,74998.2995400633,1722092663,0x8437d7C167dFB82ED4Cb79CD44B7a32A1dd95c77,8916.948685829631,42161-0x35751007a407ca6feffe80b3cb397736d2cf4dbe-0xa97684ead0e402dc232d5a977953df7ecbab3cdb,259202414.83946007,30817960.49431656,5.37415168979963076e-9,,,,,,,66081.35085423366,Unknown
0x7dff72693f6a4149b17e7c6314655f6a9f7c8b33,GHO,True,,True,False,0.1133758526966434,0.0,0.0867650668291642,398687.1548972054,1722092661,0xeBe517846d0F36eCEd99C735cbF6131e1fEB775D,339011.22370015836,42161-0x7dff72693f6a4149b17e7c6314655f6a9f7c8b33-0xa97684ead0e402dc232d5a977953df7ecbab3cdb,398687.1548972054,339011.22370015836,8.6765067e-11,,,,,,,59675.93119704706,Unknown
0xda10009cbd5d07dd0cecc66161fc93d7c9000da1,DAI,True,,True,False,0.0612140018729661,0.0,0.0388007470904944,3601210.8442969243,1722092427,0x82E64f49Ed5EC1bC6e43DAD4FC8Af9bb3A2312EE,3052266.3836324965,10-0xda10009cbd5d07dd0cecc66161fc93d7c9000da1-0xa97684ead0e402dc232d5a977953df7ecbab3cdb,3601700.9690928333,3052681.797087309,3.88060277816667e-11,,,,,,,548944.4606644278,Unknown
0x350a791bfc2c21f9ed5d10980dad2e2638ffa7f6,LINK,True,,True,False,0.0065813701327469,0.0,0.0002227599402388,201834.31216747183,1722092427,0x191c10Aa4AF7C30e871E70C95dB0E4eb77237530,8539.369666866118,10-0x350a791bfc2c21f9ed5d10980dad2e2638ffa7f6-0xa97684ead0e402dc232d5a977953df7ecbab3cdb,2767433.0061961953,117086.79864396476,3.0543536916e-12,,,,,,,193294.9425006057,Unknown
0x7f5c764cbc14f9669b88837ca1490cca17c31607,USDC,True,,True,False,0.05927650616053,0.0,0.0356979282669938,9215252.675744,1722092531,0x625E7708f30cA75bfd92586e17077590C60eb4cD,7563370.95659,10-0x7f5c764cbc14f9669b88837ca1490cca17c31607-0xa97684ead0e402dc232d5a977953df7ecbab3cdb,9215713.438377788,7563749.125137829,0,,,,,,,1651881.7191540012,Unknown
0x68f180fcce6836688e9084f035309e29bf0a2095,WBTC,True,,True,False,0.0060776802632299,0.0,0.0003324437764384,725.38277027,1722092427,0x078f358208685046a11C85e8ad32895DED33A249,49.5972542,10-0x68f180fcce6836688e9084f035309e29bf0a2095-0xa97684ead0e402dc232d5a977953df7ecbab3cdb,50040885.844633386,3421490.883641558,0,,,,,,,675.7855160700001,Unknown
0x4200000000000000000000000000000000000006,WETH,True,,True,False,0.0248760980482581,0.0,0.0175332405330189,18596.42928497888,1722092573,0xe50fA9b3c56FfB159cB0FCA61F5c9D750e8128c8,15420.220350626409,10-0x4200000000000000000000000000000000000006-0xa97684ead0e402dc232d5a977953df7ecbab3cdb,61608616.0988911,51086067.17900518,5.808635072814003375e-8,,,,,,,3176.2089343524713,Unknown
0x94b008aa00579c1307b0ef2c499ad98a8ce58e58,USDT,True,,True,False,0.0630821630427786,0.0,0.0493892583970288,12192270.135908,1722092427,0x6ab707Aca953eDAeFBc4fD23bA73294241490620,10649230.692133,10-0x94b008aa00579c1307b0ef2c499ad98a8ce58e58-0xa97684ead0e402dc232d5a977953df7ecbab3cdb,12192370.234445816,10649318.122316983,0,,,,,,,1543039.443775,Unknown
0x76fb31fb4af56892a25e32cfc43de717950c9278,AAVE,True,,False,False,0.0,0.0,0.0,7658.983857052631,1722092427,0xf329e36C7bF6E5E86ce2150875a84Ce77f477375,0.0,10-0x76fb31fb4af56892a25e32cfc43de717950c9278-0xa97684ead0e402dc232d5a977953df7ecbab3cdb,774220.4908947956,0.0,0,,,,,,,7658.983857052631,Unknown
0x8c6f28f2f1a3c87f0f938b96d27520d9751ec8d9,sUSD,True,,True,False,0.7784193318087888,0.0,0.6166607775983863,6496339.564671648,1722092531,0x6d80113e533a2C0fe82EaBD35f1875DcEA89Ea97,6432969.150318113,10-0x8c6f28f2f1a3c87f0f938b96d27520d9751ec8d9-0xa97684ead0e402dc232d5a977953df7ecbab3cdb,6500286.61066435,6436877.693714463,6.1703544875549724e-10,,,,,,,63370.41435353458,Unknown
0x4200000000000000000000000000000000000042,OP,True,,True,False,0.0112945915555267,0.0,0.0006560629632317,8429780.439503873,1722092427,0x513c7E3a9c69cA3e22550eF58AC1C0088e918FFf,612070.3143871579,10-0x4200000000000000000000000000000000000042-0xa97684ead0e402dc232d5a977953df7ecbab3cdb,14916496.487702103,1083058.421308076,1.1609034785e-12,,,,,,,7817710.125116715,Unknown
0x1f32b1c2345538c0c6f582fcb022739c4a194ebb,wstETH,True,,True,False,0.0043065111798726,0.0,6.61279650378e-05,21165.167027521977,1722092427,0xc45A479877e1e9Dfe9FcD4056c699575a1045dAA,382.3511261388348,10-0x1f32b1c2345538c0c6f582fcb022739c4a194ebb-0xa97684ead0e402dc232d5a977953df7ecbab3cdb,82310100.10743304,1486941.2288480264,2.571679350711744e-10,,,,,,,20782.815901383143,Unknown
0xc40f949f8a4e094d1b49a23ea9241d289b7b2819,LUSD,True,,True,False,0.0841135552513703,0.0,0.054128345997325,227469.37984544507,1722092427,0x8Eb270e296023E9D92081fdF967dDd7878724424,182975.019047544,10-0xc40f949f8a4e094d1b49a23ea9241d289b7b2819-0xa97684ead0e402dc232d5a977953df7ecbab3cdb,226920.91022614937,182533.83334111696,5.399783281469172e-11,,,,,,,44494.360797901085,Unknown
0xdfa46478f9e5ea86d57387849598dbfb2e964b02,MAI,True,,True,False,0.0634901814005151,0.0,0.0013953472387858,9892.093141282532,1722092427,0x8ffDf2DE812095b1D19CB146E4c004587C0A0692,4348.045599499355,10-0xdfa46478f9e5ea86d57387849598dbfb2e964b02-0xa97684ead0e402dc232d5a977953df7ecbab3cdb,9850.776440175612,4329.884943522103,1.38951899837122e-12,,,,,,,5544.047541783177,Unknown
0x9bcef72be871e61ed4fbbc7630889bee758eb81d,rETH,True,,True,False,0.0049630628013152,0.0,0.0001345962440206,672.7487714354737,1722092427,0x724dc807b04555b71ed48a6896b6F41593b8C637,21.46432227377947,10-0x9bcef72be871e61ed4fbbc7630889bee758eb81d-0xa97684ead0e402dc232d5a977953df7ecbab3cdb,2478558.756606526,79079.42189590949,4.958821309957746e-10,,,,,,,651.2844491616943,Unknown
0x0b2c639c533813f4aa9d7837caf62653d097ff85,USDC,True,,True,False,0.0815884136081856,0.0,0.0599100231159033,39759447.807541,1722092477,0x38d693cE1dF5AaDF7bC62595A37D667aD57922e5,32439106.408752,10-0x0b2c639c533813f4aa9d7837caf62653d097ff85-0xa97684ead0e402dc232d5a977953df7ecbab3cdb,39761435.779931374,32440728.364072435,0,,,,,,,7320341.398788996,Unknown
0x8d11ec38a3eb5e956b052f67da8bdc9bef8abf3e,DAI,True,,True,True,0.0021575047839491,0.0502696880979936,8.37868840697e-05,20594.744612009108,1710423846,0x82E64f49Ed5EC1bC6e43DAD4FC8Af9bb3A2312EE,889.3442732610035,250-0x8d11ec38a3eb5e956b052f67da8bdc9bef8abf3e-0xa97684ead0e402dc232d5a977953df7ecbab3cdb,20596.289217855006,889.4109740814981,8.3793284025e-14,,,,,,,19705.400338748106,Unknown
0xb3654dc3d10ea7645f8319668e8f54d2574fbdc8,LINK,True,,True,False,0.0001726690034647,0.09,1.533321501e-07,51.598825709669086,1699534678,0x191c10Aa4AF7C30e871E70C95dB0E4eb77237530,0.0572825384764442,250-0xb3654dc3d10ea7645f8319668e8f54d2574fbdc8-0xa97684ead0e402dc232d5a977953df7ecbab3cdb,705.3228184251294,0.7830155227191643,2.09141176635e-15,,,,,,,51.54154317119264,Unknown
0x04068da6c83afcfa0e13ba15a6696662335d5b75,USDC,True,,True,True,0.0105862149172434,0.0513232768646554,0.0022853644231392,102304.821602,1720472948,0x625E7708f30cA75bfd92586e17077590C60eb4cD,24378.135354,250-0x04068da6c83afcfa0e13ba15a6696662335d5b75-0xa97684ead0e402dc232d5a977953df7ecbab3cdb,102311.3803641129,24379.698236257544,0,,,,,,,77926.686248,Unknown
0x321162cd933e2be498cd2267a90534a804051b11,BTC,True,,True,False,0.0050939387958688,0.09,0.000133447949774,0.95617517,1711543451,0x078f358208685046a11C85e8ad32895DED33A249,0.03136328,250-0x321162cd933e2be498cd2267a90534a804051b11-0xa97684ead0e402dc232d5a977953df7ecbab3cdb,65998.80418552781,2164.8114699902535,0,,,,,,,0.92481189,Unknown
0x74b23882a30290451a17c44f4f05243b6b58c76d,ETH,True,,True,False,0.0004795089420292,0.09,1.4388083023e-06,11.411045250855318,1720473119,0xe50fA9b3c56FfB159cB0FCA61F5c9D750e8128c8,0.0351761371456138,250-0x74b23882a30290451a17c44f4f05243b6b58c76d-0xa97684ead0e402dc232d5a977953df7ecbab3cdb,37786.452260279024,116.48200473608117,4.7650941353042e-12,,,,,,,11.375869113709705,Unknown
0x049d68029688eabf473097a2fc38ef61633a3c7a,fUSDT,True,,True,True,0.0010969092831592,0.0859616279448295,0.000609752218813,9628.229662,1710433121,0x6ab707Aca953eDAeFBc4fD23bA73294241490620,240.002024,250-0x049d68029688eabf473097a2fc38ef61633a3c7a-0xa97684ead0e402dc232d5a977953df7ecbab3cdb,9627.65196822028,239.98762387856,0,,,,,,,9388.227638,Unknown
0x6a07a792ab2965c72a5b8088d3a069a7ac3a993b,AAVE,True,,False,False,0.0,0.09,0.0,1.0741214928721037,1709638779,0xf329e36C7bF6E5E86ce2150875a84Ce77f477375,0.0,250-0x6a07a792ab2965c72a5b8088d3a069a7ac3a993b-0xa97684ead0e402dc232d5a977953df7ecbab3cdb,108.53812302844152,0.0,0,,,,,,,1.0741214928721037,Unknown
0x21be370d5312f44cb42ce377bc9b8a0cef1a4c83,WFTM,True,,True,False,0.0220004298400578,0.09,0.0024892401247575,122545.2661801599,1721260482,0x6d80113e533a2C0fe82EaBD35f1875DcEA89Ea97,17340.382386865567,250-0x21be370d5312f44cb42ce377bc9b8a0cef1a4c83-0xa97684ead0e402dc232d5a977953df7ecbab3cdb,57048.991622272544,8072.538094298546,1.1588259288372e-12,,,,,,,105204.88379329434,Unknown
0x1e4f97b9f9f913c46f1632781732927b9019c68b,CRV,True,,True,False,0.009508129602222,0.09,0.0005230547722246,1212.6913307224952,1706257288,0x513c7E3a9c69cA3e22550eF58AC1C0088e918FFf,74.45713271792484,250-0x1e4f97b9f9f913c46f1632781732927b9019c68b-0xa97684ead0e402dc232d5a977953df7ecbab3cdb,320.9387606757084,19.70508017379881,1.3842650575e-13,,,,,,,1138.2341980045703,Unknown
0xae75a438b2e0cb8bb01ec1e1e376de11d44477cc,SUSHI,True,,True,False,1.2541542584611933,0.09,0.6693119752482254,100.49885532106119,1698107640,0xc45A479877e1e9Dfe9FcD4056c699575a1045dAA,84.06869522447654,250-0xae75a438b2e0cb8bb01ec1e1e376de11d44477cc-0xa97684ead0e402dc232d5a977953df7ecbab3cdb,71.97504408141313,60.20812899130136,4.7934634430355625e-10,,,,,,,16.430160096584643,Unknown
0xc02aaa39b223fe8d0a0e5c4f27ead9083c756cc2,WETH,True,,True,False,0.0267410799342482,0.0966164147174048,0.0202607517547459,992855.9308803629,1722092519,0x4d5F47FA6A74757f35C14fD3a6Ef8E3C9BC514E8,885001.3474905412,1-0xc02aaa39b223fe8d0a0e5c4f27ead9083c756cc2-0x2f39d218133afab8f2b819b1066c7e434ad94e9e,3276613947.6668124,2920673250.468654,6.686434610362188432e-8,,,,,,,107854.5833898217,Unknown
0x7f39c581f595b53c5cb19bd0b3f8da6c935e2ca0,wstETH,True,,True,False,0.0050044355870408,0.0772261649662584,0.0001065329359065,1020972.3262571492,1722091007,0x0B925eD163218f6662a35e0f0371Ac234f9E9371,25569.60124706598,1-0x7f39c581f595b53c5cb19bd0b3f8da6c935e2ca0-0x2f39d218133afab8f2b819b1066c7e434ad94e9e,3955541899.8055344,99064026.0200501,4.1273963492899536e-10,,,,,,,995402.7250100833,Unknown
0x2260fac5e5542a773aa44fbcfedf7c193bc2c599,WBTC,True,,True,False,0.0119045969903243,0.0808330447330675,0.0012754748655183,35430.26524475,1722091547,0x5Ee5bf7ae06D1Be5997A1A72006FE6C607eC6DE8,4745.06097352,1-0x2260fac5e5542a773aa44fbcfedf7c193bc2c599-0x2f39d218133afab8f2b819b1066c7e434ad94e9e,2438651762.251503,326600752.91928655,0,,,,,,,30685.204271230003,Unknown
0xa0b86991c6218b36c1d19d4a2e9eb0ce3606eb48,USDC,True,,True,False,0.0624311940822716,0.0798023995447901,0.0496501154996566,1526387904.835624,1722092423,0x98C23E9d8f34FEFb1B7BD6a91B7FF122F4e16F5c,1348779830.412558,1-0xa0b86991c6218b36c1d19d4a2e9eb0ce3606eb48-0x2f39d218133afab8f2b819b1066c7e434ad94e9e,1526436871.3596113,1348823099.2695177,0,,,,,,,177608074.4230659,Unknown
0x6b175474e89094c44da98b954eedeac495271d0f,DAI,True,,True,False,0.0602923650552611,0.07963787423502,0.0385887200912345,136167310.82955557,1722092519,0x018008bfb33d285247A21d44E50697654f754e63,116200950.88535792,1-0x6b175474e89094c44da98b954eedeac495271d0f-0x2f39d218133afab8f2b819b1066c7e434ad94e9e,136131511.08186537,116170400.49336064,3.85785746396248e-11,,,,,,,19966359.944197655,Unknown
0x514910771af9ca656af840dff83e8264ecf986ca,LINK,True,,True,False,0.0022396166241775,0.0922396166241775,2.57959677769e-05,11066048.63268974,1722091535,0x5E8C8A7243651DB1384C0dDfDbE39761E8e7E51a,159323.84115516703,1-0x514910771af9ca656af840dff83e8264ecf986ca-0x2f39d218133afab8f2b819b1066c7e434ad94e9e,151750163.48639664,2184828.545860156,3.5374390148e-13,,,,,,,10906724.791534573,Unknown
0x7fc66500c84a76ad7e9c93437bfc5ac33e2ddae9,AAVE,True,,False,False,0.0,0.09,0.0,1028398.1517625828,1722082019,0xA700b4eB416Be35b2911fd5Dee80678ff64fF6C9,0.0,1-0x7fc66500c84a76ad7e9c93437bfc5ac33e2ddae9-0x2f39d218133afab8f2b819b1066c7e434ad94e9e,104154488.521527,0.0,0,,,,,,,1028398.1517625828,Unknown
0xbe9895146f7af43049ca1c1ae358b0541ea49704,cbETH,True,,True,False,0.0312150197950649,0.1212150197950649,0.0053242768394058,7964.21581615493,1722077327,0x977b6fc5dE62598B08C85AC8Cf2b745874E8b78c,1598.1826622847072,1-0xbe9895146f7af43049ca1c1ae358b0541ea49704-0x2f39d218133afab8f2b819b1066c7e434ad94e9e,28315254.25999094,5682034.425122916,1.892945400849356406e-8,,,,,,,6366.033153870222,Unknown
0xdac17f958d2ee523a2206206994597c13d831ec7,USDT,True,,True,False,0.0578660671428251,0.1106098874725077,0.0426545056862544,1685546790.985108,1722092687,0x23878914EFE38d27C4D67Ab83ed1b93A74D4086a,1380509063.851775,1-0xdac17f958d2ee523a2206206994597c13d831ec7-0x2f39d218133afab8f2b819b1066c7e434ad94e9e,1685782767.535846,1380702335.1207142,0,,,,,,,305037727.13333297,Unknown
0xae78736cd615f374d3085123a210448e74fc6393,rETH,True,,True,False,0.0069792978201681,0.0969792978201681,0.0002661686251277,46206.29440804058,1722087227,0xCc9EE9483f662091a1de4795249E24aC0aC2630f,2073.136292335793,1-0xae78736cd615f374d3085123a210448e74fc6393-0x2f39d218133afab8f2b819b1066c7e434ad94e9e,169591253.2455441,7609045.184650573,9.7692175629773556e-10,,,,,,,44133.158115704784,Unknown
0x5f98805a4e8be255a32880fdec7f6728c6568ba0,LUSD,True,,True,False,0.0530546850310844,0.1076490369422058,0.0277149499445915,5861899.07632289,1722089375,0x3Fe6a295459FAe07DF8A0ceCC36F37160FE86AA9,3827714.7765155192,1-0x5f98805a4e8be255a32880fdec7f6728c6568ba0-0x2f39d218133afab8f2b819b1066c7e434ad94e9e,5836572.096554738,3811176.7137749586,2.75952045098805e-11,,,,,,,2034184.2998073706,Unknown
0xd533a949740bb3306d119cc777fa900ba034cd52,CRV,True,,True,False,0.0863628492445004,0.2022073424254288,0.0158198828199532,9770870.54295172,1722079811,0x7B95Ec873268a6BFC6427e7a28e396Db9D0ebc65,2753640.699396439,1-0xd533a949740bb3306d119cc777fa900ba034cd52-0x2f39d218133afab8f2b819b1066c7e434ad94e9e,2598983.1683313567,732449.150554557,4.207978138819e-12,,,,,,,7017229.843555281,Unknown
0x9f8f72aa9304c8b593d555f12ef6589cc3a579a2,MKR,True,,True,False,0.0068163801390272,0.1126589916867649,0.0002389527678843,12950.132777384932,1722072215,0x8A458A9dc9048e005d22849F470891b840296619,567.4718755503923,1-0x9f8f72aa9304c8b593d555f12ef6589cc3a579a2-0x2f39d218133afab8f2b819b1066c7e434ad94e9e,34245085.063993946,1500611.8457398217,6.31882773093e-10,,,,,,,12382.660901834539,Unknown
0xc011a73ee8576fb46f5e1c5751ca3b9fe0af2a6f,SNX,True,,True,False,0.044665206572396,0.194665206572396,0.0022707515340741,903441.6457702384,1721864399,0xC7B4c17861357B8ABB91F25581E7263E08DCB59c,70683.24867077816,1-0xc011a73ee8576fb46f5e1c5751ca3b9fe0af2a6f-0x2f39d218133afab8f2b819b1066c7e434ad94e9e,1557533.3973078907,121857.92070842156,3.914776448e-12,,,,,,,832758.3970994602,Unknown
0xba100000625a3754423978a60c9317c58a424e3d,BAL,True,,True,False,0.092511882030162,0.312511882030162,0.0114410304443767,2097024.516181652,1721944907,0x2516E7B3F76294e03C42AA4c5b5b4DCE9C436fB8,324295.10929063824,1-0xba100000625a3754423978a60c9317c58a424e3d-0x2f39d218133afab8f2b819b1066c7e434ad94e9e,5432446.084495308,840102.5753836725,2.96385560333189e-11,,,,,,,1772729.4068910137,Unknown
0x1f9840a85d5af5bf1d1762f925bdaddc4201f984,UNI,True,,True,False,0.0035784028598621,0.1066456053111725,6.58541161412e-05,1844842.397142176,1722071987,0xF6D2224916DDFbbab6e6bd0D1B7034f4Ae0CaB18,42438.88620030971,1-0x1f9840a85d5af5bf1d1762f925bdaddc4201f984-0x2f39d218133afab8f2b819b1066c7e434ad94e9e,14334585.06000733,329753.81801322935,5.1169127834662e-13,,,,,,,1802403.5109418663,Unknown
0x5a98fcbea516cf06857215779fd812ca3bef1b32,LDO,True,,True,False,0.0015005693613236,0.1027867716710296,1.15802146704e-05,5904966.319905418,1722046907,0x9A44fd41566876A39655f74971a3A6eA0a17a454,56962.4830047134,1-0x5a98fcbea516cf06857215779fd812ca3bef1b32-0x2f39d218133afab8f2b819b1066c7e434ad94e9e,9494373.259992631,91587.83406429287,1.86190464762e-14,,,,,,,5848003.836900705,Unknown
0xc18360217d8f7ab5e7c516566761ea12ce7f9d72,ENS,True,,True,False,0.006591142231109,0.1295205387782686,0.0001737726236428,226842.95405227836,1721910443,0x545bD6c032eFdde65A377A6719DEF2796C8E0f2e,7476.046367316521,1-0xc18360217d8f7ab5e7c516566761ea12ce7f9d72-0x2f39d218133afab8f2b819b1066c7e434ad94e9e,6044323.645634603,199202.32489750572,4.63025293098061e-12,,,,,,,219366.90768496186,Unknown
0x111111111117dc0aa78b770fa6a738034120c302,1INCH,True,,True,False,0.015165045539613,0.1419050657794411,0.0009199144248741,2935629.7750683664,1722067643,0x71Aef7b30728b9BB371578f36c5A1f1502a5723e,222597.28183396207,1-0x111111111117dc0aa78b770fa6a738034120c302-0x2f39d218133afab8f2b819b1066c7e434ad94e9e,1099529.7694787509,83373.02614250564,3.4455054140358e-13,,,,,,,2713032.4932344044,Unknown
0x853d955acef822db058eb8505911ed77f175b99e,FRAX,True,,True,False,0.0632708311695057,0.0798669870130389,0.0443431171592873,825286.9552194736,1721997347,0xd4e245848d6E1220DBE62e155d89fa327E43CB06,723016.1151769549,1-0x853d955acef822db058eb8505911ed77f175b99e-0x2f39d218133afab8f2b819b1066c7e434ad94e9e,821968.0224647108,720108.469718965,4.416478893782865e-11,,,,,,,102270.84004251868,Unknown
0x40d16fc0246ad3160ccc09b8d0d3a2cd28ae6c2f,GHO,True,,True,False,0.07,0.0,0.0,104286097.62563032,1722088907,0x00907f9921424583e7ffBfEdf84F92B7B2Be4977,104286096.64955062,1-0x40d16fc0246ad3160ccc09b8d0d3a2cd28ae6c2f-0x2f39d218133afab8f2b819b1066c7e434ad94e9e,104286097.62563032,104286096.64955062,0,,,,,,,0.9760797023773193,Unknown
0xd33526068d116ce69f19a9ee46f0bd304f21a51f,RPL,True,,True,False,0.063031872915574,0.158031872915574,0.0299144809656099,521167.59308742115,1721995343,0xB76CF92076adBF1D9C39294FA8e7A67579FDe357,309202.5548189172,1-0xd33526068d116ce69f19a9ee46f0bd304f21a51f-0x2f39d218133afab8f2b819b1066c7e434ad94e9e,8517581.646742672,5053380.219690255,4.88900380063908e-10,,,,,,,211965.03826850397,Unknown
0x83f20f44975d03b1b09e64809b757c47f942beea,sDAI,True,,False,False,0.0,0.08,0.0,59670824.537822686,1722078827,0x4C612E3B15b96Ff9A6faED838F8d07d479a8dD4c,0.0,1-0x83f20f44975d03b1b09e64809b757c47f942beea-0x2f39d218133afab8f2b819b1066c7e434ad94e9e,65554302.79605325,0.0,0,,,,,,,59670824.537822686,Unknown
0xaf5191b0de278c7286d6c7cc6ab6bb8a73ba2cd6,STG,True,,True,False,0.0001194337847958,0.1002218056003351,7.33599203e-08,39164.08104875085,1720049279,0x1bA9843bD4327c6c77011406dE5fA8749F7E3479,30.069968143114423,1-0xaf5191b0de278c7286d6c7cc6ab6bb8a73ba2cd6-0x2f39d218133afab8f2b819b1066c7e434ad94e9e,14716.121989640382,11.298958320197483,2.743015734e-17,,,,,,,39134.011080607735,Unknown
0xdefa4e8a7bcba345f687a2f1456f5edd9ce97202,KNC,True,,True,False,0.0324146616168131,0.1668211778909523,0.0042028411509299,62034.97313766697,1718814995,0x5b502e3796385E1e9755d7043B9C945C3aCCeC9C,10082.629277516507,1-0xdefa4e8a7bcba345f687a2f1456f5edd9ce97202-0x2f39d218133afab8f2b819b1066c7e434ad94e9e,34056.44466660635,5535.2406669319635,2.30730851839662e-12,,,,,,,51952.34386015047,Unknown
0x3432b6a60d23ca0dfca7761b7ab56459d9c964d0,FXS,True,,True,False,1.62996335916e-05,0.1200235439151879,1.0627122e-09,684764.9198900423,1721860775,0x82F9c5ad306BBa1AD0De49bB5FA6F01bf61085ef,55.80709314435428,1-0x3432b6a60d23ca0dfca7761b7ab56459d9c964d0-0x2f39d218133afab8f2b819b1066c7e434ad94e9e,1586169.294106403,129.26990704068913,2.31637055e-18,,,,,,,684709.1127968979,Unknown
0xf939e0a03fb07f59a73314e73794be0e57ac1b4e,crvUSD,True,,True,False,0.0610195801629989,0.2170391603259979,0.0412436953469758,680758.2518338183,1722092435,0xb82fa9f31612989525992FCfBB09AB22Eff5c85A,511256.4852142651,1-0xf939e0a03fb07f59a73314e73794be0e57ac1b4e-0x2f39d218133afab8f2b819b1066c7e434ad94e9e,677444.7359264249,508768.00051069807,4.104294585139395e-11,,,,,,,169501.76661955315,Unknown
0x6c3ea9036406852006290770bedfcaba0e23a0e8,PYUSD,True,,True,False,0.0892279625179803,0.3158548594424263,0.0575382583577957,18864964.831362,1722080459,0x0C0d01AbF3e6aDfcA0989eBbA9d6e85dD58EaB1E,15206339.505961,1-0x6c3ea9036406852006290770bedfcaba0e23a0e8-0x2f39d218133afab8f2b819b1066c7e434ad94e9e,18856177.7193932,15199256.545082519,0,,,,,,,3658625.3254010007,Unknown
0xcd5fe23c85820f7b72d0926fc9b05b43e359b7ee,weETH,True,,True,False,0.0158561411823995,0.07,0.0006913973362895,660003.5516437552,1722092303,0xBdfa7b7893081B35Fb54027489e2Bc7A38275129,52325.55879098867,1-0xcd5fe23c85820f7b72d0926fc9b05b43e359b7ee-0x2f39d218133afab8f2b819b1066c7e434ad94e9e,2273869044.0263634,180273981.93522495,2.38202693230547941e-9,,,,,,,607677.9928527665,Unknown
0xf1c9acdc66974dfb6decb12aa385b9cd01190e38,osETH,True,,True,False,0.0159953956666935,0.07,0.0013980521581326,1698.50547518397,1721616527,0x927709711794F3De5DdBF1D176bEE2D55Ba13c21,174.6909996875557,1-0xf1c9acdc66974dfb6decb12aa385b9cd01190e38-0x2f39d218133afab8f2b819b1066c7e434ad94e9e,5730901.270731496,589422.2224902349,4.71714580871804084e-9,,,,,,,1523.8144754964144,Unknown
0x4c9edd5852cd905f086c759e8383e09bff1e68b3,USDe,True,,True,False,0.0769006019895228,0.1669006019895228,0.0394246839090067,77256866.60313079,1722087167,0x4F5923Fc5FD4a93352581b38B7cD26943012DECF,52810002.095921986,1-0x4c9edd5852cd905f086c759e8383e09bff1e68b3-0x2f39d218133afab8f2b819b1066c7e434ad94e9e,77162783.96355015,52745690.60346958,3.937667301407164e-11,,,,,,,24446864.5072088,Unknown
0xa35b1b31ce002fbf2058d22f30f95d405200a15b,ETHx,True,,True,False,0.0082382605524584,0.07,0.0003708552625114,2309.3229633953106,1722014531,0x1c0E06a0b1A4c160c17545FF2A951bfcA57C0002,122.30468050998265,1-0xa35b1b31ce002fbf2058d22f30f95d405200a15b-0x2f39d218133afab8f2b819b1066c7e434ad94e9e,7895447.35020155,418152.93094822514,1.26793271165241055e-9,,,,,,,2187.018282885328,Unknown
0x9d39a5de30e57443bff2a8307a4256c8797a3497,sUSDe,True,,False,False,0.0,0.0,0.0,1235729.8772448648,1722070583,0x4579a27aF00A62C0EB156349f31B345c08386419,0.0,1-0x9d39a5de30e57443bff2a8307a4256c8797a3497-0x2f39d218133afab8f2b819b1066c7e434ad94e9e,1347568.8312750887,0.0,0,,,,,,,1235729.8772448648,Unknown
0x4200000000000000000000000000000000000006,WETH,True,,True,False,0.0268365237555614,0.0,0.0181383453686041,22619.33392512959,1722092747,0xD4a0e0b9149BCee3C920d2E00b5dE09138fd8bb7,17985.905023603744,8453-0x4200000000000000000000000000000000000006-0xe20fcbdbffc4dd138ce8b2e6fbb6cb49777ad64d,74922527.81758992,59575117.1946926,6.0080047552494714e-8,,,,,,,4633.428901525847,Unknown
0x2ae3f1ec7f1f5012cfeab0185bfc7aa3cf0dec22,cbETH,True,,True,False,0.0407013766699549,0.0,0.0090521469861757,1365.8155865906704,1722092471,0xcf3D55c10DB69f28fD1A75Bd73f3D8A2d9c595ad,357.36808108190775,8453-0x2ae3f1ec7f1f5012cfeab0185bfc7aa3cf0dec22-0xe20fcbdbffc4dd138ce8b2e6fbb6cb49777ad64d,4873748.097196903,1275224.8709648408,3.230149417676737075e-8,,,,,,,1008.4475055087626,Unknown
0xd9aaec86b65d86f6a7b5b1b0c42ffa531710b6ca,USDbC,True,,True,False,0.0987613993427484,0.0,0.0658382445009304,1514549.638657,1722092535,0x0a1d576f3eFeF75b330424287a95A366e8281D54,1346211.485309,8453-0xd9aaec86b65d86f6a7b5b1b0c42ffa531710b6ca-0xe20fcbdbffc4dd138ce8b2e6fbb6cb49777ad64d,1514600.5275248587,1346256.7180149064,0,,,,,,,168338.15334800002,Unknown
0xc1cba3fcea344f92d9239c08c0568f6f2f0ee452,wstETH,True,,True,False,0.018610772192612,0.0,0.0018926145987718,4290.787979004248,1722092603,0x99CBC45ea5bb7eF3a5BC08FB1B7E56bB2442Ef0D,513.3528290300027,8453-0xc1cba3fcea344f92d9239c08c0568f6f2f0ee452-0xe20fcbdbffc4dd138ce8b2e6fbb6cb49777ad64d,16683578.30950085,1996034.7995366124,7.3589258468938885e-9,,,,,,,3777.435149974245,Unknown
0x833589fcd6edb6e08f4c7c32d4f71b54bda02913,USDC,True,,True,False,0.0901229284945108,0.0,0.0733391948637962,30030863.993342,1722092595,0x4e65fE4DbA92790696d040ac24Aa414708F5c0AB,27153522.700639,8453-0x833589fcd6edb6e08f4c7c32d4f71b54bda02913-0xe20fcbdbffc4dd138ce8b2e6fbb6cb49777ad64d,30031873.030372176,27154435.05900174,0,,,,,,,2877341.2927030027,Unknown
0x04c0599ae5a44757c0af6f9ec3b93da8976c150a,weETH,True,,True,False,0.0291329281237648,0.0,0.0023340006279272,20000.002800546477,1722092471,0x7C307e128efA31F540F2E2d976C995E0B65F51F6,2913.293904630476,8453-0x04c0599ae5a44757c0af6f9ec3b93da8976c150a-0xe20fcbdbffc4dd138ce8b2e6fbb6cb49777ad64d,69154006.4708491,10073295.866078395,8.07027488278941937e-9,,,,,,,17086.708895916003,Unknown
0x4c078361fc9bbb78df910800a991c7c3dd2f6ce0,m.DAI,True,,True,False,0.0681548679998208,0.08486820485713,0.0398150231320543,804739.9395441355,1722081242,0x85ABAdDcae06efee2CB5F75f33b6471759eFDE24,626825.6738101875,1088-0x4c078361fc9bbb78df910800a991c7c3dd2f6ce0-0xb9fabd7500b2c6781c35dd48d54f81fc2299d7af,804786.9926884007,626862.3243073351,3.981735098439481e-11,,,,,,,177914.26573394798,Unknown
0xdeaddeaddeaddeaddeaddeaddeaddeaddead0000,Metis,True,,True,False,0.005597758068296,0.095597758068296,0.0001712228212446,228580.0678839145,1722091771,0x7314Ef2CA509490f65F52CC8FC9E0675C66390b8,8225.589458437707,1088-0xdeaddeaddeaddeaddeaddeaddeaddeaddead0000-0xb9fabd7500b2c6781c35dd48d54f81fc2299d7af,11329572.993881997,407701.41093144,8.48666944012212e-12,,,,,,,220354.47842547682,Unknown
0xea32a96608495e54156ae48931a7c20f0dcc1a21,m.USDC,True,,True,False,0.047618608685074,0.0739682173904228,0.0306116805568798,9005203.260271,1722085824,0x885C8AEC5867571582545F894A5906971dB9bf27,6432248.028281,1088-0xea32a96608495e54156ae48931a7c20f0dcc1a21-0xb9fabd7500b2c6781c35dd48d54f81fc2299d7af,9005426.229103725,6432407.29074218,0,,,,,,,2572955.2319899993,Unknown
0xbb06dca3ae6887fabf931640f67cab3e3a16f4dc,m.USDT,True,,True,False,0.05601336285297,0.0746677802377475,0.0423562070443294,6849220.360515,1722088036,0xd9fa75D14c26720d5ce7eE2530793a823e8f07b9,5754725.712055,1088-0xbb06dca3ae6887fabf931640f67cab3e3a16f4dc-0xb9fabd7500b2c6781c35dd48d54f81fc2299d7af,6849708.298973483,5755135.678714726,0,,,,,,,1094494.6484600008,Unknown
0x420000000000000000000000000000000000000a,WETH,True,,True,False,0.0145450044805168,0.0633966729725792,0.0016649198208332,842.4916841535886,1722087874,0x8acAe35059C9aE27709028fF6689386a44c09f3a,113.45588034157352,1088-0x420000000000000000000000000000000000000a-0xb9fabd7500b2c6781c35dd48d54f81fc2299d7af,2792526.980255569,376061.4055684052,5.518551823616e-9,,,,,,,729.035803812015,Unknown
0x6a023ccd1ff6f2045c3309768ead9e68f978f6e1,WETH,True,,True,False,0.015684345629182,0.0702360675987882,0.0061955227598013,2632.2476971996944,1722086025,0xa818F1B57c201E092C4A2017A91815034326Efd1,1223.2639051277897,100-0x6a023ccd1ff6f2045c3309768ead9e68f978f6e1-0x36616cf17557639614c1cddb356b1b83fc0b2132,8689097.519065583,4038016.3973610974,2.045153409608233783e-8,,,,,,,1408.9837920719046,Unknown
0x6c76971f98945ae98dd7d4dfca8711ebea946ea6,wstETH,True,,True,False,0.007092337990896,0.097092337990896,0.0002748604464677,4331.932369982118,1722092530,0x23e4E76D01B2002BE436CE8d6044b0aA2f68B68a,197.5084078134624,100-0x6c76971f98945ae98dd7d4dfca8711ebea946ea6-0x36616cf17557639614c1cddb356b1b83fc0b2132,16786073.644322507,765337.5897332737,1.0650720758822766e-9,,,,,,,4134.423962168656,Unknown
0x9c58bacc331c9aa871afd802db6379a98e80cedb,GNO,True,,True,False,0.01581996813852,0.177382651797976,0.0010678246054561,37249.31672544502,1722066485,0xA1Fa064A85266E2Ca82DEe5C5CcEC84DF445760e,3142.8806314638255,100-0x9c58bacc331c9aa871afd802db6379a98e80cedb-0x36616cf17557639614c1cddb356b1b83fc0b2132,8152459.957164349,687857.1407634359,2.3370631515e-10,,,,,,,34106.436093981196,Unknown
0xddafbb505ad214d7b80b1f830fccc89b60fb7a83,USDC,True,,True,False,0.0649864110459739,0.1249895469584414,0.0526279881956213,5393000.128481,1722089035,0xc6B7AcA6DE8a6044E0e32d0c841a89244A10D284,4852689.139052,100-0xddafbb505ad214d7b80b1f830fccc89b60fb7a83-0x36616cf17557639614c1cddb356b1b83fc0b2132,5393182.735465351,4852853.451106248,0,,,,,,,540310.9894289998,Unknown
0xe91d153e0b41518a2ce8dd3d7944fa863463a97d,WXDAI,True,,True,False,0.073918991431632,0.133918991431632,0.0499612475014729,11921939.251982974,1722092215,0xd0Dd6cEF72143E22cCED4867eb0d5F2328715533,10743924.264373189,100-0xe91d153e0b41518a2ce8dd3d7944fa863463a97d-0x36616cf17557639614c1cddb356b1b83fc0b2132,11922831.966794165,10744728.769422105,4.996498909825024e-11,,,,,,,1178014.987609785,Unknown
0xcb444e90d8198415266c6a2724b7900fb12fc56e,EURe,True,,True,False,0.045249992954739,0.1028461495106086,0.0226806852450897,3362248.202292505,1722092565,0xEdBC7449a9b594CA4E053D9737EC5Dc4CbCcBfb2,2106577.71940204,100-0xcb444e90d8198415266c6a2724b7900fb12fc56e-0x36616cf17557639614c1cddb356b1b83fc0b2132,3649989.4034446976,2286858.6406284664,2.46216980223e-11,,,,,,,1255670.4828904653,Unknown
0xaf204776c7245bf4147c2612bf6e5972ee483701,sDAI,True,,False,False,0.0,0.05,0.0,23616179.105124753,1722092530,0x7a5c3860a77a8DC1b225BD46d0fb2ac1C6D191BC,0.0,100-0xaf204776c7245bf4147c2612bf6e5972ee483701-0x36616cf17557639614c1cddb356b1b83fc0b2132,25951814.73154756,0.0,0,,,,,,,23616179.105124753,Unknown
0x5300000000000000000000000000000000000004,WETH,True,,True,False,0.0160977693337191,0.0666750514078789,0.0065264429894335,42487.86791619076,1722092755,0xf301805bE1Df81102C957f6d4Ce29d2B8c056B2a,20265.478516606127,534352-0x5300000000000000000000000000000000000004-0x69850d0b276776781c063771b161bd8894bcdd04,140766814.3691259,67141680.4927867,2.16227981146023e-8,,,,,,,22222.38939958463,Unknown
0x06efdbff2a14a7c8e15944d1f4a48f9f95f663a4,USDC,True,,True,False,0.0418648404749333,0.1136444681307076,0.0218409006626647,39462190.635857,1722092749,0x1D738a3436A8C49CefFbaB7fbF04B660fb528CbD,22874930.793979,534352-0x06efdbff2a14a7c8e15944d1f4a48f9f95f663a4-0x69850d0b276776781c063771b161bd8894bcdd04,39464074.95545986,22876023.07192441,0,,,,,,,16587259.841878,Unknown
0xf610a9dfb7c89644979b4a0f27063e9e7d7cda32,wstETH,True,,True,False,0.0285510105576448,0.1185510105576448,0.0044542682568214,19000.001489134356,1722092276,0x5B1322eeb46240b02e20062b8F0F9908d525B09c,3487.3035505467255,534352-0xf610a9dfb7c89644979b4a0f27063e9e7d7cda32-0x69850d0b276776781c063771b161bd8894bcdd04,73893888.07227942,13562652.528502656,1.732332395995678932e-8,,,,,,,15512.697938587631,Unknown
0x0e09fabb73bd3ade0a17ecc321fd13a19e81ce82,Cake,True,,True,False,0.0148064668459137,0.0,0.0011274760823613,561184.2829323966,1722092519,0x4199CC1F5ed0d796563d7CcB2e036253E2C18281,53416.01089267955,56-0x0e09fabb73bd3ade0a17ecc321fd13a19e81ce82-0xff75b6da14ffbbfd355daf7a2731456b3562ba6d,1118653.7896683936,106478.43289877468,2.24748863879372e-12,,,,,,,507768.27203971706,Unknown
0xbb4cdb9cbd36b01bd1cbaebf2de08d9173bc095c,WBNB,True,,True,False,0.0207588019972014,0.0,0.0022162004247035,11826.085432735448,1722092519,0x9B00a09492a626678E5A3009982191586C444Df9,1578.1845860602675,56-0xbb4cdb9cbd36b01bd1cbaebf2de08d9173bc095c-0xff75b6da14ffbbfd355daf7a2731456b3562ba6d,6951441.244650496,927666.0045803029,1.302695145745364e-9,,,,,,,10247.90084667518,Unknown
0x7130d2a12b9bcbfae4f2634d864a1ee1ce3ead9c,BTCB,True,,True,False,0.0064093369133631,0.0,0.0002112665125834,465.5126532816093,1722092519,0x56a7ddc4e848EbF43845854205ad71D5D5F72d3D,19.180463002832887,56-0x7130d2a12b9bcbfae4f2634d864a1ee1ce3ead9c-0xff75b6da14ffbbfd355daf7a2731456b3562ba6d,32141260.629183784,1324312.5745704065,1.458690255029e-8,,,,,,,446.3321902787764,Unknown
0x2170ed0880ac9a755fd29b2688956bd959f933f8,ETH,True,,True,False,0.012915514771804,0.0,0.0042011538828914,3117.83504399838,1722092519,0x2E94171493fAbE316b6205f1585779C887771E2F,1193.1391717733477,56-0x2170ed0880ac9a755fd29b2688956bd959f933f8-0xff75b6da14ffbbfd355daf7a2731456b3562ba6d,10327072.19646296,3951984.0509361424,1.39153034250396e-8,,,,,,,1924.6958722250324,Unknown
0x8ac76a51cc950d9822d68b83fe1ad97b32cd580d,USDC,True,,True,False,0.0598375938511499,0.0,0.0446190074876168,3049065.9158739513,1722092519,0x00901a076785e0906d1028c7d6372d247bec7d61,2526213.4276474467,56-0x8ac76a51cc950d9822d68b83fe1ad97b32cd580d-0xff75b6da14ffbbfd355daf7a2731456b3562ba6d,3048913.4625781574,2526087.1169760646,4.461677604965e-11,,,,,,,522852.48822650453,Unknown
0x55d398326f99059ff775485246999027b3197955,USDT,True,,True,False,0.0632175370257463,0.0,0.0498020024608815,9720719.434836712,1722092702,0xa9251ca9DE909CB71783723713B21E4233fbf1B1,8508737.296583684,56-0x55d398326f99059ff775485246999027b3197955-0xff75b6da14ffbbfd355daf7a2731456b3562ba6d,9722014.234665431,8509870.66039159,4.98086356266664e-11,,,,,,,1211982.1382530276,Unknown
0xc5f0f7b66764f6ec8c8dff7ba683102295e16409,FDUSD,True,,True,False,0.0508115042115732,0.0,0.0285984992519194,5625344.991189075,1722092519,0x75bd1A659bdC62e4C313950d44A2416faB43E785,3957675.562952739,56-0xc5f0f7b66764f6ec8c8dff7ba683102295e16409-0xff75b6da14ffbbfd355daf7a2731456b3562ba6d,5623906.140447228,3956663.2686972474,2.859118407592578e-11,,,,,,,1667669.4282363355,Unknown
